document_id,project_id,filename,printed_amount,true_sanctioned_amount,is_seeded_mismatch
DOC_PRJ00545,PRJ00545,SANCTION_PRJ00545.png,841007.33,841007.33,False
DOC_PRJ00516,PRJ00516,SANCTION_PRJ00516.png,654819.1,654819.1,False
DOC_PRJ00194,PRJ00194,SANCTION_PRJ00194.png,321966.37,247262.39,True
DOC_PRJ00012,PRJ00012,SANCTION_PRJ00012.png,916086.49,916086.49,False
DOC_PRJ00280,PRJ00280,SANCTION_PRJ00280.png,1075224.88,1075224.88,False
DOC_PRJ00654,PRJ00654,SANCTION_PRJ00654.png,776942.43,617628.98,True
DOC_PRJ00644,PRJ00644,SANCTION_PRJ00644.png,1399438.68,1399438.68,False
DOC_PRJ00764,PRJ00764,SANCTION_PRJ00764.png,814118.99,814118.99,False
DOC_PRJ00199,PRJ00199,SANCTION_PRJ00199.png,901958.21,901958.21,False
DOC_PRJ00722,PRJ00722,SANCTION_PRJ00722.png,1981932.06,1313933.44,True
DOC_PRJ00237,PRJ00237,SANCTION_PRJ00237.png,5895845.71,5895845.71,False
DOC_PRJ00501,PRJ00501,SANCTION_PRJ00501.png,1364845.26,1364845.26,False
DOC_PRJ00568,PRJ00568,SANCTION_PRJ00568.png,2940106.84,2940106.84,False
DOC_PRJ00980,PRJ00980,SANCTION_PRJ00980.png,2085471.58,2085471.58,False
DOC_PRJ00970,PRJ00970,SANCTION_PRJ00970.png,2722877.6,2722877.6,False
DOC_PRJ00907,PRJ00907,SANCTION_PRJ00907.png,1458763.26,1458763.26,False
DOC_PRJ00061,PRJ00061,SANCTION_PRJ00061.png,920010.57,920010.57,False
DOC_PRJ00354,PRJ00354,SANCTION_PRJ00354.png,3384581.89,3384581.89,False
DOC_PRJ00930,PRJ00930,SANCTION_PRJ00930.png,3868320.73,3868320.73,False
DOC_PRJ00337,PRJ00337,SANCTION_PRJ00337.png,1351979.19,1147048.73,True
DOC_PRJ00818,PRJ00818,SANCTION_PRJ00818.png,1459459.1,1459459.1,False
DOC_PRJ00284,PRJ00284,SANCTION_PRJ00284.png,1269120.97,965788.86,True
DOC_PRJ00949,PRJ00949,SANCTION_PRJ00949.png,8207713.99,6946798.74,True
DOC_PRJ00596,PRJ00596,SANCTION_PRJ00596.png,1120004.55,1120004.55,False
DOC_PRJ00738,PRJ00738,SANCTION_PRJ00738.png,1196035.72,1196035.72,False
DOC_PRJ00948,PRJ00948,SANCTION_PRJ00948.png,585522.52,585522.52,False
DOC_PRJ00004,PRJ00004,SANCTION_PRJ00004.png,178917.7,178917.7,False
DOC_PRJ00757,PRJ00757,SANCTION_PRJ00757.png,787599.55,787599.55,False
DOC_PRJ00574,PRJ00574,SANCTION_PRJ00574.png,2158044.65,2158044.65,False
DOC_PRJ00945,PRJ00945,SANCTION_PRJ00945.png,295157.84,295157.84,False
DOC_PRJ00753,PRJ00753,SANCTION_PRJ00753.png,3993450.84,3993450.84,False
DOC_PRJ00289,PRJ00289,SANCTION_PRJ00289.png,962783.57,962783.57,False
DOC_PRJ00160,PRJ00160,SANCTION_PRJ00160.png,863347.42,863347.42,False
DOC_PRJ00612,PRJ00612,SANCTION_PRJ00612.png,3642065.96,3642065.96,False
DOC_PRJ00348,PRJ00348,SANCTION_PRJ00348.png,498071.37,498071.37,False
DOC_PRJ00848,PRJ00848,SANCTION_PRJ00848.png,883848.16,883848.16,False
DOC_PRJ00502,PRJ00502,SANCTION_PRJ00502.png,314033.9,314033.9,False
DOC_PRJ00332,PRJ00332,SANCTION_PRJ00332.png,3269763.2,3269763.2,False
DOC_PRJ00820,PRJ00820,SANCTION_PRJ00820.png,1412631.85,1091918.5,True
DOC_PRJ00362,PRJ00362,SANCTION_PRJ00362.png,4113174.93,4113174.93,False
DOC_PRJ00471,PRJ00471,SANCTION_PRJ00471.png,408866.57,346006.77,True
DOC_PRJ00425,PRJ00425,SANCTION_PRJ00425.png,1712796.55,1712796.55,False
DOC_PRJ00865,PRJ00865,SANCTION_PRJ00865.png,1455528.79,1136582.53,True
DOC_PRJ00683,PRJ00683,SANCTION_PRJ00683.png,4308035.36,2861444.8,True
DOC_PRJ00910,PRJ00910,SANCTION_PRJ00910.png,239993.41,239993.41,False
DOC_PRJ00073,PRJ00073,SANCTION_PRJ00073.png,592438.27,592438.27,False
DOC_PRJ00814,PRJ00814,SANCTION_PRJ00814.png,4453445.46,2859483.28,True
DOC_PRJ00962,PRJ00962,SANCTION_PRJ00962.png,1403683.34,931640.22,True
DOC_PRJ00630,PRJ00630,SANCTION_PRJ00630.png,5194206.17,5194206.17,False
DOC_PRJ00317,PRJ00317,SANCTION_PRJ00317.png,612463.42,612463.42,False
DOC_PRJ00024,PRJ00024,SANCTION_PRJ00024.png,1251282.26,1251282.26,False
DOC_PRJ00795,PRJ00795,SANCTION_PRJ00795.png,1485021.29,1485021.29,False
DOC_PRJ00287,PRJ00287,SANCTION_PRJ00287.png,236945.68,168906.88,True
DOC_PRJ00213,PRJ00213,SANCTION_PRJ00213.png,3607777.08,3607777.08,False
DOC_PRJ00760,PRJ00760,SANCTION_PRJ00760.png,180605.1,126544.32,True
DOC_PRJ00834,PRJ00834,SANCTION_PRJ00834.png,4001283.88,4001283.88,False
DOC_PRJ00853,PRJ00853,SANCTION_PRJ00853.png,2373735.78,2373735.78,False
DOC_PRJ00531,PRJ00531,SANCTION_PRJ00531.png,1184459.88,1184459.88,False
DOC_PRJ00566,PRJ00566,SANCTION_PRJ00566.png,806006.52,614021.8,True
DOC_PRJ00890,PRJ00890,SANCTION_PRJ00890.png,403417.19,403417.19,False
