transaction_id,project_id,contractor_id,amount,txn_date,installment_no
TXN000001,PRJ00001,CTR0044,168257.34,2026-05-20,1
TXN000002,PRJ00001,CTR0044,160935.34,2026-06-22,2
TXN000003,PRJ00001,CTR0044,192234.61,2026-07-19,3
TXN000004,PRJ00002,CTR0015,491960.66,2025-01-20,1
TXN000005,PRJ00002,CTR0015,521130.39,2024-12-13,2
TXN000006,PRJ00003,CTR0074,809490.27,2025-08-16,1
TXN000007,PRJ00003,CTR0074,819197.74,2026-04-04,2
TXN000008,PRJ00004,CTR0104,56929.55,2026-03-20,1
TXN000009,PRJ00004,CTR0104,53281.36,2026-04-08,2
TXN000010,PRJ00004,CTR0104,62941.41,2026-03-19,3
TXN000011,PRJ00005,CTR0016,81090.75,2026-07-14,1
TXN000012,PRJ00005,CTR0016,79844.86,2026-06-30,2
TXN000013,PRJ00005,CTR0016,92559.53,2026-07-26,3
TXN000014,PRJ00006,CTR0102,153694.17,2026-06-02,1
TXN000015,PRJ00006,CTR0102,155082.56,2026-06-02,2
TXN000016,PRJ00006,CTR0102,172256.08,2026-07-10,3
TXN000017,PRJ00008,CTR0073,126540.25,2026-01-11,1
TXN000018,PRJ00008,CTR0073,129064.1,2026-03-11,2
TXN000019,PRJ00009,CTR0098,1606303.21,2025-08-30,1
TXN000020,PRJ00009,CTR0098,1908249.46,2025-10-10,2
TXN000021,PRJ00011,CTR0001,104996.48,2026-08-12,1
TXN000022,PRJ00012,CTR0038,900588.05,2025-06-03,1
TXN000023,PRJ00013,CTR0090,1118400.16,2026-08-28,1
TXN000024,PRJ00014,CTR0119,155720.61,2026-03-04,1
TXN000025,PRJ00015,CTR0055,296463.84,2024-09-17,1
TXN000026,PRJ00015,CTR0055,320975.31,2025-08-09,2
TXN000027,PRJ00016,CTR0117,243626.71,2026-01-26,1
TXN000028,PRJ00017,CTR0022,1134900.03,2025-10-13,1
TXN000029,PRJ00017,CTR0022,1091735.77,2024-12-08,2
TXN000030,PRJ00017,CTR0022,1294490.92,2025-10-31,3
TXN000031,PRJ00018,CTR0118,355439.22,2024-10-04,1
TXN000032,PRJ00018,CTR0118,407720.77,2025-02-13,2
TXN000033,PRJ00019,CTR0090,328131.98,2026-02-24,1
TXN000034,PRJ00019,CTR0090,323444.1,2026-02-25,2
TXN000035,PRJ00019,CTR0090,374017.33,2026-05-10,3
TXN000036,PRJ00021,CTR0095,991195.38,2026-08-25,1
TXN000037,PRJ00021,CTR0095,1012211.11,2026-06-23,2
TXN000038,PRJ00022,CTR0030,2091762.8,2026-04-08,1
TXN000039,PRJ00022,CTR0030,2474588.47,2025-11-07,2
TXN000040,PRJ00023,CTR0098,1020208.81,2026-03-09,1
TXN000041,PRJ00023,CTR0098,1133509.59,2025-12-25,2
TXN000042,PRJ00023,CTR0098,1189858.45,2025-12-16,3
TXN000043,PRJ00024,CTR0098,336216.35,2024-11-10,1
TXN000044,PRJ00024,CTR0098,368203.97,2024-11-13,2
TXN000045,PRJ00024,CTR0098,391896.84,2025-02-07,3
TXN000046,PRJ00025,CTR0118,129217.86,2025-09-25,1
TXN000047,PRJ00025,CTR0118,134977.27,2025-05-19,2
TXN000048,PRJ00026,CTR0012,610074.58,2026-02-22,1
TXN000049,PRJ00029,CTR0005,979624.9,2026-06-28,1
TXN000050,PRJ00029,CTR0005,1011761.54,2026-04-12,2
TXN000051,PRJ00030,CTR0015,2250768.95,2026-07-13,1
TXN000052,PRJ00031,CTR0085,1408126.09,2025-08-22,1
TXN000053,PRJ00034,CTR0071,965434.18,2025-12-08,1
TXN000054,PRJ00036,CTR0091,164571.13,2025-04-15,1
TXN000055,PRJ00036,CTR0091,173902.43,2026-01-13,2
TXN000056,PRJ00036,CTR0091,193937.62,2025-03-05,3
TXN000057,PRJ00037,CTR0053,2304564.34,2025-07-22,1
TXN000058,PRJ00038,CTR0083,3354326.52,2025-09-05,1
TXN000059,PRJ00039,CTR0017,1440941.53,2026-02-11,1
TXN000060,PRJ00040,CTR0032,243275.42,2025-12-05,1
TXN000061,PRJ00040,CTR0032,247072.07,2025-09-16,2
TXN000062,PRJ00041,CTR0066,410904.68,2025-10-30,1
TXN000063,PRJ00041,CTR0066,431411.84,2026-04-18,2
TXN000064,PRJ00042,CTR0099,592464.14,2024-11-24,1
TXN000065,PRJ00043,CTR0035,272817.32,2025-09-19,1
TXN000066,PRJ00043,CTR0035,269342.11,2025-06-23,2
TXN000067,PRJ00043,CTR0035,289650.72,2025-12-18,3
TXN000068,PRJ00044,CTR0108,703214.5,2026-04-06,1
TXN000069,PRJ00044,CTR0108,735993.86,2026-05-16,2
TXN000070,PRJ00045,CTR0015,25049.62,2026-07-20,1
TXN000071,PRJ00045,CTR0015,25843.6,2026-07-01,2
TXN000072,PRJ00045,CTR0015,28576.18,2026-06-16,3
TXN000073,PRJ00046,CTR0098,1978456.97,2026-01-09,1
TXN000074,PRJ00047,CTR0023,257600.76,2025-09-02,1
TXN000075,PRJ00049,CTR0016,147913.28,2026-08-24,1
TXN000076,PRJ00050,CTR0043,977185.92,2026-08-06,1
TXN000077,PRJ00051,CTR0117,3143648.04,2024-11-21,1
TXN000078,PRJ00052,CTR0112,804492.12,2025-09-26,1
TXN000079,PRJ00052,CTR0112,884830.15,2025-04-02,2
TXN000080,PRJ00053,CTR0009,550732.84,2025-04-16,1
TXN000081,PRJ00054,CTR0049,631549.77,2026-07-04,1
TXN000082,PRJ00054,CTR0049,734608.44,2026-08-16,2
TXN000083,PRJ00055,CTR0112,87717.85,2026-06-29,1
TXN000084,PRJ00055,CTR0112,105090.48,2026-08-16,2
TXN000085,PRJ00056,CTR0081,291563.79,2026-08-27,1
TXN000086,PRJ00056,CTR0081,332337.67,2026-08-28,2
TXN000087,PRJ00057,CTR0056,1788084.76,2024-12-12,1
TXN000088,PRJ00057,CTR0056,2070420.87,2025-08-28,2
TXN000089,PRJ00059,CTR0042,217002.13,2025-12-12,1
TXN000090,PRJ00059,CTR0042,242213.69,2026-06-05,2
TXN000091,PRJ00060,CTR0056,109614.07,2025-06-10,1
TXN000092,PRJ00060,CTR0056,133131.9,2024-08-29,2
TXN000093,PRJ00061,CTR0088,259884.18,2025-11-11,1
TXN000094,PRJ00061,CTR0088,295975.86,2026-05-12,2
TXN000095,PRJ00061,CTR0088,298337.28,2026-06-19,3
TXN000096,PRJ00062,CTR0079,3288835.7,2025-02-28,1
TXN000097,PRJ00063,CTR0064,153691.39,2026-07-20,1
TXN000098,PRJ00063,CTR0064,175542.21,2026-08-01,2
TXN000099,PRJ00064,CTR0082,1103026.14,2025-10-11,1
TXN000100,PRJ00065,CTR0116,4094826.14,2026-05-01,1
TXN000101,PRJ00066,CTR0021,489654.77,2025-08-29,1
TXN000102,PRJ00067,CTR0082,785481.31,2026-07-30,1
TXN000103,PRJ00067,CTR0082,793589.19,2026-08-27,2
TXN000104,PRJ00068,CTR0109,452112.97,2025-02-17,1
TXN000105,PRJ00068,CTR0109,550926.83,2024-12-22,2
TXN000106,PRJ00069,CTR0031,1813696.66,2026-05-26,1
TXN000107,PRJ00070,CTR0090,363077.55,2025-06-17,1
TXN000108,PRJ00070,CTR0090,364833.57,2025-10-11,2
TXN000109,PRJ00070,CTR0090,410183.97,2025-09-23,3
TXN000110,PRJ00071,CTR0002,796362.96,2026-06-17,1
TXN000111,PRJ00071,CTR0002,823368.53,2026-07-22,2
TXN000112,PRJ00072,CTR0117,3317480.02,2026-08-28,1
TXN000113,PRJ00073,CTR0078,542449.06,2025-12-15,1
TXN000114,PRJ00074,CTR0080,290224.25,2025-12-09,1
TXN000115,PRJ00074,CTR0080,321672.2,2025-10-04,2
TXN000116,PRJ00076,CTR0040,338270.82,2026-04-30,1
TXN000117,PRJ00076,CTR0040,395999.03,2026-07-17,2
TXN000118,PRJ00078,CTR0023,788110.4,2026-07-07,1
TXN000119,PRJ00079,CTR0065,1678065.78,2026-08-26,1
TXN000120,PRJ00080,CTR0104,348412.74,2026-04-02,1
TXN000121,PRJ00080,CTR0104,358731.65,2026-08-07,2
TXN000122,PRJ00080,CTR0104,367133.89,2026-06-02,3
TXN000123,PRJ00081,CTR0019,948152.71,2026-02-23,1
TXN000124,PRJ00082,CTR0109,653649.32,2026-05-05,1
TXN000125,PRJ00082,CTR0109,656784.1,2026-08-05,2
TXN000126,PRJ00083,CTR0002,240303.83,2025-10-19,1
TXN000127,PRJ00083,CTR0002,288822.68,2026-01-24,2
TXN000128,PRJ00084,CTR0087,1661097.44,2026-05-30,1
TXN000129,PRJ00085,CTR0106,508739.94,2026-08-26,1
TXN000130,PRJ00085,CTR0106,491061.64,2026-03-11,2
TXN000131,PRJ00085,CTR0106,554990.99,2026-07-24,3
TXN000132,PRJ00087,CTR0029,277391.09,2026-04-29,1
TXN000133,PRJ00088,CTR0084,1562231.51,2024-11-11,1
TXN000134,PRJ00089,CTR0039,615233.74,2026-05-14,1
TXN000135,PRJ00089,CTR0039,680700.65,2026-05-25,2
TXN000136,PRJ00090,CTR0114,180421.87,2025-11-05,1
TXN000137,PRJ00090,CTR0114,194165.97,2026-03-24,2
TXN000138,PRJ00090,CTR0114,195188.31,2025-12-15,3
TXN000139,PRJ00091,CTR0022,618707.2,2025-06-29,1
TXN000140,PRJ00092,CTR0107,1817769.43,2024-11-21,1
TXN000141,PRJ00092,CTR0107,1736309.58,2025-03-13,2
TXN000142,PRJ00092,CTR0107,2049919.12,2024-12-10,3
TXN000143,PRJ00093,CTR0089,1069366.28,2026-04-17,1
TXN000144,PRJ00093,CTR0089,1092153.25,2026-05-12,2
TXN000145,PRJ00093,CTR0089,1170218.4,2026-03-31,3
TXN000146,PRJ00094,CTR0110,259479.16,2024-11-25,1
TXN000147,PRJ00095,CTR0116,1319923.7,2025-12-22,1
TXN000148,PRJ00095,CTR0116,1337565.35,2025-04-19,2
TXN000149,PRJ00096,CTR0036,1037985.53,2026-07-27,1
TXN000150,PRJ00096,CTR0036,1085037.69,2026-08-26,2
TXN000151,PRJ00097,CTR0085,1105889.11,2026-03-31,1
TXN000152,PRJ00097,CTR0085,1102797.76,2025-12-10,2
TXN000153,PRJ00097,CTR0085,1330684.69,2026-07-19,3
TXN000154,PRJ00098,CTR0007,1544927.68,2026-08-17,1
TXN000155,PRJ00098,CTR0007,1694260.44,2026-08-14,2
TXN000156,PRJ00099,CTR0027,520904.72,2025-07-09,1
TXN000157,PRJ00099,CTR0027,552735.1,2025-03-25,2
TXN000158,PRJ00100,CTR0028,625114.24,2026-02-14,1
TXN000159,PRJ00101,CTR0101,61441.84,2025-09-25,1
TXN000160,PRJ00101,CTR0101,70866.34,2025-10-02,2
TXN000161,PRJ00101,CTR0101,71993.95,2025-09-05,3
TXN000162,PRJ00104,CTR0003,585599.11,2026-06-28,1
TXN000163,PRJ00104,CTR0003,572143.62,2026-08-09,2
TXN000164,PRJ00104,CTR0003,684880.21,2026-06-18,3
TXN000165,PRJ00105,CTR0068,2142777.93,2025-09-28,1
TXN000166,PRJ00106,CTR0100,165821.73,2026-02-20,1
TXN000167,PRJ00106,CTR0100,162845.34,2026-06-23,2
TXN000168,PRJ00106,CTR0100,183549.55,2026-08-17,3
TXN000169,PRJ00107,CTR0065,150114.6,2026-02-06,1
TXN000170,PRJ00107,CTR0065,162751.41,2026-01-22,2
TXN000171,PRJ00107,CTR0065,180571.89,2026-01-17,3
TXN000172,PRJ00108,CTR0039,260788.46,2026-02-23,1
TXN000173,PRJ00108,CTR0039,284731.65,2025-08-15,2
TXN000174,PRJ00108,CTR0039,318755.37,2026-04-15,3
TXN000175,PRJ00110,CTR0092,582523.73,2025-07-29,1
TXN000176,PRJ00111,CTR0078,155402.44,2025-12-25,1
TXN000177,PRJ00111,CTR0078,172229.91,2026-04-23,2
TXN000178,PRJ00112,CTR0082,335270.91,2025-01-19,1
TXN000179,PRJ00112,CTR0082,386661.51,2025-07-30,2
TXN000180,PRJ00113,CTR0077,245958.39,2025-03-21,1
TXN000181,PRJ00113,CTR0077,256804.17,2025-04-13,2
TXN000182,PRJ00113,CTR0077,313441.67,2025-03-11,3
TXN000183,PRJ00114,CTR0056,232161.81,2025-03-30,1
TXN000184,PRJ00114,CTR0056,232356.8,2025-02-04,2
TXN000185,PRJ00115,CTR0093,2096135.62,2025-01-25,1
TXN000186,PRJ00117,CTR0094,166905.54,2025-06-14,1
TXN000187,PRJ00117,CTR0094,169051.45,2025-04-15,2
TXN000188,PRJ00118,CTR0048,625973.51,2026-07-19,1
TXN000189,PRJ00119,CTR0012,704172.95,2025-12-19,1
TXN000190,PRJ00119,CTR0012,710979.86,2026-01-05,2
TXN000191,PRJ00119,CTR0012,833406.03,2025-12-13,3
TXN000192,PRJ00120,CTR0096,2680796.26,2026-07-27,1
TXN000193,PRJ00121,CTR0072,786970.98,2026-06-30,1
TXN000194,PRJ00122,CTR0046,855710.48,2026-08-29,1
TXN000195,PRJ00123,CTR0037,1223867.29,2026-04-29,1
TXN000196,PRJ00123,CTR0037,1199381.94,2026-06-12,2
TXN000197,PRJ00123,CTR0037,1410441.16,2026-08-20,3
TXN000198,PRJ00124,CTR0065,323835.85,2025-10-11,1
TXN000199,PRJ00124,CTR0065,366848.06,2025-05-05,2
TXN000200,PRJ00125,CTR0109,249708.39,2025-03-04,1
TXN000201,PRJ00125,CTR0109,297475.73,2025-06-09,2
TXN000202,PRJ00126,CTR0098,3556356.06,2026-04-15,1
TXN000203,PRJ00127,CTR0099,1040422.83,2026-01-28,1
TXN000204,PRJ00128,CTR0004,285516.63,2026-02-25,1
TXN000205,PRJ00128,CTR0004,299512.91,2026-06-07,2
TXN000206,PRJ00130,CTR0118,127932.29,2025-04-25,1
TXN000207,PRJ00130,CTR0118,134480.31,2025-02-09,2
TXN000208,PRJ00130,CTR0118,146775.99,2025-02-02,3
TXN000209,PRJ00131,CTR0073,284026.82,2026-05-19,1
TXN000210,PRJ00132,CTR0012,2012106.2,2024-11-20,1
TXN000211,PRJ00132,CTR0012,2064582.57,2024-10-14,2
TXN000212,PRJ00133,CTR0021,2787823.69,2025-10-30,1
TXN000213,PRJ00135,CTR0097,90901.17,2025-09-09,1
TXN000214,PRJ00136,CTR0015,607259.36,2025-03-21,1
TXN000215,PRJ00137,CTR0054,274857.69,2024-08-31,1
TXN000216,PRJ00137,CTR0054,290623.61,2025-02-02,2
TXN000217,PRJ00137,CTR0054,315515.84,2024-09-30,3
TXN000218,PRJ00138,CTR0056,423379.42,2026-07-04,1
TXN000219,PRJ00138,CTR0056,441359.29,2025-12-25,2
TXN000220,PRJ00138,CTR0056,479057.15,2026-04-27,3
TXN000221,PRJ00139,CTR0063,243109.59,2026-06-21,1
TXN000222,PRJ00139,CTR0063,258005.83,2026-04-27,2
TXN000223,PRJ00140,CTR0051,199767.02,2026-05-27,1
TXN000224,PRJ00140,CTR0051,220167.55,2025-10-16,2
TXN000225,PRJ00140,CTR0051,234849.03,2026-02-19,3
TXN000226,PRJ00141,CTR0039,136264.13,2025-05-03,1
TXN000227,PRJ00141,CTR0039,139046.46,2025-04-02,2
TXN000228,PRJ00141,CTR0039,162699.23,2025-08-06,3
TXN000229,PRJ00142,CTR0038,984145.31,2025-10-31,1
TXN000230,PRJ00143,CTR0023,208254.35,2026-08-26,1
TXN000231,PRJ00143,CTR0023,211551.6,2026-04-23,2
TXN000232,PRJ00144,CTR0065,627467.29,2026-06-26,1
TXN000233,PRJ00145,CTR0051,3354084.97,2026-07-05,1
TXN000234,PRJ00146,CTR0059,3718169.87,2026-07-15,1
TXN000235,PRJ00148,CTR0015,473945.1,2026-04-01,1
TXN000236,PRJ00148,CTR0015,550600.06,2025-11-09,2
TXN000237,PRJ00149,CTR0059,1273454.12,2025-12-25,1
TXN000238,PRJ00150,CTR0109,523839.35,2024-12-21,1
TXN000239,PRJ00150,CTR0109,588354.03,2024-10-19,2
TXN000240,PRJ00150,CTR0109,617486.69,2025-08-25,3
TXN000241,PRJ00151,CTR0068,572591.31,2025-08-06,1
TXN000242,PRJ00151,CTR0068,624226.96,2025-07-19,2
TXN000243,PRJ00151,CTR0068,708865.83,2025-08-21,3
TXN000244,PRJ00152,CTR0029,686464.33,2026-03-06,1
TXN000245,PRJ00152,CTR0029,783091.25,2026-02-26,2
TXN000246,PRJ00153,CTR0068,1512154.79,2025-03-15,1
TXN000247,PRJ00153,CTR0068,1567900.73,2025-03-10,2
TXN000248,PRJ00153,CTR0068,1650880.59,2025-02-04,3
TXN000249,PRJ00154,CTR0031,703077.91,2026-03-21,1
TXN000250,PRJ00156,CTR0099,201865.61,2024-07-13,1
TXN000251,PRJ00157,CTR0098,183792.78,2026-03-28,1
TXN000252,PRJ00157,CTR0098,209955.08,2026-02-16,2
TXN000253,PRJ00158,CTR0042,408576.1,2025-12-01,1
TXN000254,PRJ00158,CTR0042,445718.69,2025-10-05,2
TXN000255,PRJ00158,CTR0042,459542.32,2025-04-23,3
TXN000256,PRJ00160,CTR0102,795126.99,2024-11-12,1
TXN000257,PRJ00162,CTR0107,568867.69,2026-03-22,1
TXN000258,PRJ00162,CTR0107,593996.73,2025-04-05,2
TXN000259,PRJ00162,CTR0107,631596.77,2025-05-21,3
TXN000260,PRJ00163,CTR0077,128986.94,2025-11-02,1
TXN000261,PRJ00163,CTR0077,128410.59,2025-08-17,2
TXN000262,PRJ00163,CTR0077,138619.28,2024-12-20,3
TXN000263,PRJ00164,CTR0024,440047.94,2026-01-19,1
TXN000264,PRJ00165,CTR0042,288890.01,2025-12-28,1
TXN000265,PRJ00167,CTR0065,657720.96,2026-07-24,1
TXN000266,PRJ00167,CTR0065,762990.7,2026-05-24,2
TXN000267,PRJ00168,CTR0057,699390.81,2025-07-17,1
TXN000268,PRJ00169,CTR0048,917535.65,2024-12-01,1
TXN000269,PRJ00169,CTR0048,1076860.68,2025-02-01,2
TXN000270,PRJ00170,CTR0087,435682.08,2026-08-10,1
TXN000271,PRJ00170,CTR0087,451126.13,2026-08-01,2
TXN000272,PRJ00170,CTR0087,500942.77,2026-07-23,3
TXN000273,PRJ00171,CTR0009,194690.02,2026-06-08,1
TXN000274,PRJ00171,CTR0009,192200.36,2026-08-11,2
TXN000275,PRJ00171,CTR0009,221192.78,2026-07-25,3
TXN000276,PRJ00172,CTR0037,804638.27,2025-01-12,1
TXN000277,PRJ00172,CTR0037,827857.99,2024-08-23,2
TXN000278,PRJ00174,CTR0040,1229455.68,2026-01-13,1
TXN000279,PRJ00174,CTR0040,1306492.35,2026-03-22,2
TXN000280,PRJ00175,CTR0017,610855.17,2025-08-27,1
TXN000281,PRJ00175,CTR0017,643711.11,2025-09-27,2
TXN000282,PRJ00175,CTR0017,767017.13,2025-09-12,3
TXN000283,PRJ00176,CTR0049,1241626.95,2025-10-19,1
TXN000284,PRJ00177,CTR0012,2296788.84,2026-07-25,1
TXN000285,PRJ00178,CTR0003,504274.11,2026-07-05,1
TXN000286,PRJ00178,CTR0003,503845.61,2026-06-30,2
TXN000287,PRJ00178,CTR0003,564551.38,2026-04-02,3
TXN000288,PRJ00179,CTR0099,346184.37,2026-04-22,1
TXN000289,PRJ00179,CTR0099,350295.99,2026-04-16,2
TXN000290,PRJ00180,CTR0010,51805.22,2026-08-06,1
TXN000291,PRJ00180,CTR0010,54081.02,2026-07-04,2
TXN000292,PRJ00181,CTR0107,404333.22,2025-08-21,1
TXN000293,PRJ00181,CTR0107,457059.19,2025-12-10,2
TXN000294,PRJ00181,CTR0107,459987.09,2026-01-02,3
TXN000295,PRJ00182,CTR0113,333153.48,2024-12-15,1
TXN000296,PRJ00183,CTR0005,354037.56,2026-08-21,1
TXN000297,PRJ00183,CTR0005,393834.88,2026-08-25,2
TXN000298,PRJ00184,CTR0104,390790.71,2025-05-04,1
TXN000299,PRJ00185,CTR0053,1153868.99,2026-05-14,1
TXN000300,PRJ00185,CTR0053,1188432.24,2026-02-20,2
TXN000301,PRJ00186,CTR0079,111904.15,2025-12-24,1
TXN000302,PRJ00186,CTR0079,118377.29,2025-10-05,2
TXN000303,PRJ00186,CTR0079,130031.15,2025-11-11,3
TXN000304,PRJ00187,CTR0069,135412.06,2025-09-27,1
TXN000305,PRJ00187,CTR0069,140581.62,2025-11-05,2
TXN000306,PRJ00188,CTR0087,710766.27,2025-10-03,1
TXN000307,PRJ00188,CTR0087,754155.96,2025-09-06,2
TXN000308,PRJ00188,CTR0087,790674.12,2026-01-18,3
TXN000309,PRJ00190,CTR0105,88328.9,2024-11-19,1
TXN000310,PRJ00190,CTR0105,95338.64,2024-12-05,2
TXN000311,PRJ00191,CTR0007,240936.3,2026-02-06,1
TXN000312,PRJ00191,CTR0007,255764.03,2026-04-09,2
TXN000313,PRJ00191,CTR0007,269227.74,2026-02-03,3
TXN000314,PRJ00192,CTR0092,370668.38,2026-01-04,1
TXN000315,PRJ00192,CTR0092,403074.32,2026-03-05,2
TXN000316,PRJ00192,CTR0092,438812.32,2026-04-02,3
TXN000317,PRJ00193,CTR0098,1301615.83,2026-01-27,1
TXN000318,PRJ00193,CTR0098,1537031.24,2026-04-11,2
TXN000319,PRJ00194,CTR0107,224259.05,2025-11-25,1
TXN000320,PRJ00196,CTR0048,708521.48,2026-04-24,1
TXN000321,PRJ00196,CTR0048,714420.05,2025-11-27,2
TXN000322,PRJ00196,CTR0048,816495.08,2025-05-14,3
TXN000323,PRJ00198,CTR0102,856786.86,2026-05-26,1
TXN000324,PRJ00199,CTR0090,249242.27,2026-03-22,1
TXN000325,PRJ00199,CTR0090,278534.84,2026-01-14,2
TXN000326,PRJ00199,CTR0090,294837.97,2025-12-12,3
TXN000327,PRJ00201,CTR0107,283264.51,2025-10-30,1
TXN000328,PRJ00201,CTR0107,307501.94,2026-04-07,2
TXN000329,PRJ00202,CTR0055,1350278.05,2026-05-16,1
TXN000330,PRJ00202,CTR0055,1361985.36,2026-08-14,2
TXN000331,PRJ00203,CTR0016,265814.73,2025-12-22,1
TXN000332,PRJ00203,CTR0016,267704.15,2025-08-16,2
TXN000333,PRJ00203,CTR0016,298596.84,2025-05-28,3
TXN000334,PRJ00204,CTR0059,472190.65,2025-10-28,1
TXN000335,PRJ00204,CTR0059,549700.46,2025-09-08,2
TXN000336,PRJ00205,CTR0003,899200.97,2025-07-27,1
TXN000337,PRJ00205,CTR0003,1004174.97,2024-11-23,2
TXN000338,PRJ00206,CTR0038,57076.35,2026-06-10,1
TXN000339,PRJ00206,CTR0038,56131.98,2026-08-08,2
TXN000340,PRJ00206,CTR0038,67944.59,2026-07-20,3
TXN000341,PRJ00207,CTR0074,200997.46,2024-11-20,1
TXN000342,PRJ00207,CTR0074,199466.38,2024-12-30,2
TXN000343,PRJ00207,CTR0074,217311.61,2024-12-20,3
TXN000344,PRJ00208,CTR0068,1702425.74,2024-12-11,1
TXN000345,PRJ00209,CTR0065,2909091.79,2025-05-11,1
TXN000346,PRJ00210,CTR0050,754266.68,2024-09-17,1
TXN000347,PRJ00210,CTR0050,837029.27,2024-12-01,2
TXN000348,PRJ00210,CTR0050,839400.01,2024-09-22,3
TXN000349,PRJ00211,CTR0048,641506.87,2026-01-26,1
TXN000350,PRJ00212,CTR0045,2094735.68,2024-07-31,1
TXN000351,PRJ00212,CTR0045,2274894.1,2025-06-08,2
TXN000352,PRJ00213,CTR0099,1667821.79,2025-04-18,1
TXN000353,PRJ00213,CTR0099,1680713.76,2025-07-06,2
TXN000354,PRJ00214,CTR0046,1383220.83,2026-05-21,1
TXN000355,PRJ00214,CTR0046,1683062.07,2026-03-19,2
TXN000356,PRJ00215,CTR0090,313851.93,2025-08-04,1
TXN000357,PRJ00215,CTR0090,338780.77,2025-10-25,2
TXN000358,PRJ00215,CTR0090,363062.94,2025-07-25,3
TXN000359,PRJ00216,CTR0092,1602960.75,2026-07-23,1
TXN000360,PRJ00216,CTR0092,1705827.99,2026-08-17,2
TXN000361,PRJ00218,CTR0120,590834.36,2026-02-14,1
TXN000362,PRJ00218,CTR0120,705213.72,2026-01-01,2
TXN000363,PRJ00219,CTR0033,285800.68,2025-02-18,1
TXN000364,PRJ00220,CTR0046,311261.66,2026-08-23,1
TXN000365,PRJ00220,CTR0046,324165.51,2026-08-20,2
TXN000366,PRJ00220,CTR0046,327752.05,2026-08-25,3
TXN000367,PRJ00221,CTR0035,901829.24,2026-08-08,1
TXN000368,PRJ00221,CTR0035,924543.28,2026-08-10,2
TXN000369,PRJ00221,CTR0035,1057334.03,2026-07-17,3
TXN000370,PRJ00222,CTR0096,217783.45,2026-08-07,1
TXN000371,PRJ00222,CTR0096,252064.34,2026-08-28,2
TXN000372,PRJ00223,CTR0064,77019.77,2025-08-18,1
TXN000373,PRJ00223,CTR0064,82207.8,2025-06-24,2
TXN000374,PRJ00223,CTR0064,90494.38,2025-03-06,3
TXN000375,PRJ00225,CTR0078,2348859.79,2025-10-07,1
TXN000376,PRJ00226,CTR0042,1578932.47,2025-03-04,1
TXN000377,PRJ00227,CTR0010,455169.36,2025-03-15,1
TXN000378,PRJ00227,CTR0010,489117.1,2025-10-09,2
TXN000379,PRJ00227,CTR0010,501674.96,2025-02-10,3
TXN000380,PRJ00228,CTR0058,1406918.15,2026-03-08,1
TXN000381,PRJ00228,CTR0058,1508946.46,2026-07-04,2
TXN000382,PRJ00229,CTR0009,612492.5,2025-11-23,1
TXN000383,PRJ00229,CTR0009,709074.69,2026-08-03,2
TXN000384,PRJ00229,CTR0009,719389.42,2026-05-17,3
TXN000385,PRJ00230,CTR0047,1936168.92,2025-08-30,1
TXN000386,PRJ00231,CTR0004,88253.09,2025-11-21,1
TXN000387,PRJ00231,CTR0004,105891.45,2025-08-03,2
TXN000388,PRJ00233,CTR0012,664066.76,2026-07-08,1
TXN000389,PRJ00233,CTR0012,687776.17,2026-04-06,2
TXN000390,PRJ00233,CTR0012,818021.97,2026-08-12,3
TXN000391,PRJ00234,CTR0020,316324.51,2026-07-15,1
TXN000392,PRJ00236,CTR0051,735891.53,2025-12-31,1
TXN000393,PRJ00236,CTR0051,705516.12,2025-02-13,2
TXN000394,PRJ00236,CTR0051,771136.0,2025-04-11,3
TXN000395,PRJ00237,CTR0004,1736164.36,2025-07-30,1
TXN000396,PRJ00237,CTR0004,1758859.38,2026-04-15,2
TXN000397,PRJ00237,CTR0004,2031526.24,2025-05-30,3
TXN000398,PRJ00238,CTR0117,1032339.45,2025-05-06,1
TXN000399,PRJ00238,CTR0117,1088907.18,2025-12-24,2
TXN000400,PRJ00239,CTR0091,411600.75,2025-11-17,1
TXN000401,PRJ00240,CTR0026,332479.65,2025-04-16,1
TXN000402,PRJ00240,CTR0026,357801.59,2025-11-07,2
TXN000403,PRJ00240,CTR0026,383627.05,2025-10-29,3
TXN000404,PRJ00241,CTR0012,242834.56,2026-08-11,1
TXN000405,PRJ00241,CTR0012,268251.81,2026-08-27,2
TXN000406,PRJ00241,CTR0012,270627.25,2026-08-15,3
TXN000407,PRJ00242,CTR0091,293180.2,2025-04-30,1
TXN000408,PRJ00242,CTR0091,302339.67,2025-04-19,2
TXN000409,PRJ00243,CTR0109,332482.0,2025-08-19,1
TXN000410,PRJ00243,CTR0109,360904.34,2025-03-14,2
TXN000411,PRJ00243,CTR0109,395913.45,2025-08-26,3
TXN000412,PRJ00244,CTR0102,220074.74,2026-07-19,1
TXN000413,PRJ00245,CTR0102,584470.77,2025-10-04,1
TXN000414,PRJ00245,CTR0102,607900.17,2025-02-06,2
TXN000415,PRJ00245,CTR0102,618996.79,2025-09-04,3
TXN000416,PRJ00246,CTR0018,794304.62,2025-03-02,1
TXN000417,PRJ00246,CTR0018,828820.57,2024-12-07,2
TXN000418,PRJ00247,CTR0079,78554.71,2026-07-25,1
TXN000419,PRJ00247,CTR0079,93407.98,2026-03-21,2
TXN000420,PRJ00248,CTR0092,137005.94,2026-01-09,1
TXN000421,PRJ00248,CTR0092,140386.94,2026-02-12,2
TXN000422,PRJ00249,CTR0106,135154.93,2025-11-28,1
TXN000423,PRJ00249,CTR0106,130823.19,2025-10-02,2
TXN000424,PRJ00249,CTR0106,147581.63,2026-01-23,3
TXN000425,PRJ00250,CTR0058,2055433.12,2025-05-20,1
TXN000426,PRJ00250,CTR0058,2330122.24,2025-01-26,2
TXN000427,PRJ00251,CTR0113,191571.72,2026-08-23,1
TXN000428,PRJ00252,CTR0024,977450.54,2025-11-05,1
TXN000429,PRJ00253,CTR0117,851235.56,2025-11-03,1
TXN000430,PRJ00253,CTR0117,844428.89,2026-02-15,2
TXN000431,PRJ00253,CTR0117,951154.91,2025-06-21,3
TXN000432,PRJ00254,CTR0039,43989.75,2026-06-14,1
TXN000433,PRJ00254,CTR0039,45980.52,2025-11-25,2
TXN000434,PRJ00254,CTR0039,47587.9,2026-07-25,3
TXN000435,PRJ00255,CTR0045,758316.51,2026-07-26,1
TXN000436,PRJ00256,CTR0033,3244393.83,2026-04-16,1
TXN000437,PRJ00257,CTR0081,281030.4,2026-05-10,1
TXN000438,PRJ00258,CTR0083,1034421.08,2026-03-22,1
TXN000439,PRJ00259,CTR0085,83493.88,2026-08-20,1
TXN000440,PRJ00260,CTR0006,723389.56,2025-07-15,1
TXN000441,PRJ00261,CTR0083,461832.77,2026-05-13,1
TXN000442,PRJ00262,CTR0099,127321.41,2026-03-18,1
TXN000443,PRJ00262,CTR0099,147243.5,2026-03-17,2
TXN000444,PRJ00263,CTR0064,830158.16,2025-11-05,1
TXN000445,PRJ00264,CTR0062,1435281.94,2025-11-26,1
TXN000446,PRJ00265,CTR0059,1590424.94,2026-05-30,1
TXN000447,PRJ00266,CTR0054,191165.77,2026-07-11,1
TXN000448,PRJ00266,CTR0054,202327.28,2026-05-22,2
TXN000449,PRJ00266,CTR0054,238817.92,2026-04-09,3
TXN000450,PRJ00267,CTR0019,123293.19,2025-08-01,1
TXN000451,PRJ00267,CTR0019,136272.36,2024-12-31,2
TXN000452,PRJ00267,CTR0019,139442.66,2025-04-04,3
TXN000453,PRJ00269,CTR0014,810183.57,2026-03-07,1
TXN000454,PRJ00269,CTR0014,900810.83,2026-01-23,2
TXN000455,PRJ00270,CTR0058,279063.45,2026-06-17,1
TXN000456,PRJ00270,CTR0058,295902.25,2026-01-24,2
TXN000457,PRJ00270,CTR0058,305075.88,2026-04-20,3
TXN000458,PRJ00271,CTR0050,595469.97,2026-04-23,1
TXN000459,PRJ00271,CTR0050,606620.18,2026-02-05,2
TXN000460,PRJ00272,CTR0105,91445.93,2024-11-26,1
TXN000461,PRJ00272,CTR0105,93506.92,2025-03-26,2
TXN000462,PRJ00272,CTR0105,102925.45,2024-12-24,3
TXN000463,PRJ00273,CTR0025,256691.22,2026-07-12,1
TXN000464,PRJ00273,CTR0025,245365.0,2026-02-22,2
TXN000465,PRJ00273,CTR0025,290677.49,2026-02-07,3
TXN000466,PRJ00274,CTR0064,74476.14,2025-12-28,1
TXN000467,PRJ00274,CTR0064,75271.31,2026-07-20,2
TXN000468,PRJ00274,CTR0064,80889.17,2026-02-21,3
TXN000469,PRJ00277,CTR0113,399681.73,2025-12-12,1
TXN000470,PRJ00277,CTR0113,368855.4,2025-02-18,2
TXN000471,PRJ00277,CTR0113,441273.46,2025-11-25,3
TXN000472,PRJ00279,CTR0113,65031.18,2025-05-14,1
TXN000473,PRJ00279,CTR0113,65575.44,2025-04-11,2
TXN000474,PRJ00281,CTR0047,338867.81,2026-04-07,1
TXN000475,PRJ00282,CTR0058,603602.37,2026-04-19,1
TXN000476,PRJ00282,CTR0058,604083.9,2026-06-10,2
TXN000477,PRJ00283,CTR0016,589622.82,2025-11-12,1
TXN000478,PRJ00284,CTR0102,276050.87,2026-04-13,1
TXN000479,PRJ00284,CTR0102,297809.93,2026-07-12,2
TXN000480,PRJ00284,CTR0102,344227.61,2025-12-23,3
TXN000481,PRJ00285,CTR0026,73232.84,2026-08-21,1
TXN000482,PRJ00285,CTR0026,70807.31,2026-08-06,2
TXN000483,PRJ00285,CTR0026,82762.85,2026-08-15,3
TXN000484,PRJ00286,CTR0006,4067613.39,2025-05-05,1
TXN000485,PRJ00287,CTR0067,161981.81,2026-07-18,1
TXN000486,PRJ00288,CTR0042,102790.9,2026-08-29,1
TXN000487,PRJ00289,CTR0079,281365.97,2026-08-13,1
TXN000488,PRJ00289,CTR0079,278553.51,2026-08-17,2
TXN000489,PRJ00289,CTR0079,301372.91,2026-08-24,3
TXN000490,PRJ00290,CTR0065,1147713.13,2026-07-21,1
TXN000491,PRJ00290,CTR0065,1287751.78,2026-07-21,2
TXN000492,PRJ00292,CTR0054,5388451.34,2026-02-16,1
TXN000493,PRJ00293,CTR0077,944157.96,2025-10-29,1
TXN000494,PRJ00293,CTR0077,1054240.07,2025-06-15,2
TXN000495,PRJ00294,CTR0074,334314.15,2025-11-03,1
TXN000496,PRJ00294,CTR0074,320820.96,2026-01-17,2
TXN000497,PRJ00294,CTR0074,376846.92,2025-11-08,3
TXN000498,PRJ00296,CTR0019,939170.46,2025-03-07,1
TXN000499,PRJ00298,CTR0014,345987.94,2026-01-16,1
TXN000500,PRJ00298,CTR0014,392398.21,2026-02-19,2
TXN000501,PRJ00299,CTR0017,339313.21,2024-12-08,1
TXN000502,PRJ00299,CTR0017,378774.8,2025-03-27,2
TXN000503,PRJ00299,CTR0017,387943.06,2025-03-18,3
TXN000504,PRJ00300,CTR0027,445691.36,2025-11-20,1
TXN000505,PRJ00300,CTR0027,493994.11,2025-12-13,2
TXN000506,PRJ00300,CTR0027,540097.03,2026-02-09,3
TXN000507,PRJ00301,CTR0049,1311174.63,2026-04-04,1
TXN000508,PRJ00301,CTR0049,1546198.79,2026-07-22,2
TXN000509,PRJ00302,CTR0044,979803.46,2025-12-25,1
TXN000510,PRJ00302,CTR0044,990210.93,2026-04-07,2
TXN000511,PRJ00303,CTR0079,252208.11,2024-09-08,1
TXN000512,PRJ00303,CTR0079,265284.62,2024-10-11,2
TXN000513,PRJ00303,CTR0079,303659.72,2025-05-19,3
TXN000514,PRJ00304,CTR0039,1295972.05,2025-11-30,1
TXN000515,PRJ00305,CTR0091,451448.6,2026-05-18,1
TXN000516,PRJ00305,CTR0091,504977.27,2026-06-05,2
TXN000517,PRJ00305,CTR0091,524731.51,2026-07-19,3
TXN000518,PRJ00306,CTR0062,607757.76,2026-07-23,1
TXN000519,PRJ00306,CTR0062,694079.75,2026-06-29,2
TXN000520,PRJ00307,CTR0016,234761.99,2025-12-13,1
TXN000521,PRJ00307,CTR0016,248211.27,2026-02-19,2
TXN000522,PRJ00307,CTR0016,292079.74,2026-05-07,3
TXN000523,PRJ00308,CTR0105,877166.78,2025-03-02,1
TXN000524,PRJ00309,CTR0037,1119261.86,2025-12-04,1
TXN000525,PRJ00309,CTR0037,1251925.46,2026-05-26,2
TXN000526,PRJ00309,CTR0037,1354688.75,2025-12-31,3
TXN000527,PRJ00310,CTR0084,496873.18,2026-04-10,1
TXN000528,PRJ00311,CTR0106,76528.15,2026-08-06,1
TXN000529,PRJ00311,CTR0106,83348.47,2026-07-05,2
TXN000530,PRJ00312,CTR0018,1283588.35,2026-01-02,1
TXN000531,PRJ00314,CTR0007,151392.17,2025-11-30,1
TXN000532,PRJ00315,CTR0004,930947.94,2025-05-31,1
TXN000533,PRJ00315,CTR0004,1015439.36,2025-05-31,2
TXN000534,PRJ00315,CTR0004,1068785.21,2024-12-12,3
TXN000535,PRJ00316,CTR0119,1270566.8,2025-10-16,1
TXN000536,PRJ00317,CTR0084,544418.88,2026-07-08,1
TXN000537,PRJ00319,CTR0030,258494.57,2026-02-24,1
TXN000538,PRJ00319,CTR0030,271628.0,2026-05-22,2
TXN000539,PRJ00319,CTR0030,304673.6,2026-05-05,3
TXN000540,PRJ00320,CTR0054,172000.87,2025-04-03,1
TXN000541,PRJ00322,CTR0014,466835.84,2026-08-03,1
TXN000542,PRJ00322,CTR0014,464460.13,2026-04-01,2
TXN000543,PRJ00322,CTR0014,513791.71,2026-07-06,3
TXN000544,PRJ00323,CTR0083,236742.52,2024-12-14,1
TXN000545,PRJ00323,CTR0083,276795.04,2025-06-18,2
TXN000546,PRJ00324,CTR0060,2751773.51,2025-08-03,1
TXN000547,PRJ00325,CTR0094,265271.28,2025-12-31,1
TXN000548,PRJ00326,CTR0002,24932.72,2026-06-27,1
TXN000549,PRJ00326,CTR0002,26106.68,2026-06-10,2
TXN000550,PRJ00326,CTR0002,30132.84,2026-08-04,3
TXN000551,PRJ00327,CTR0023,115250.8,2026-08-29,1
TXN000552,PRJ00327,CTR0023,122172.4,2026-08-29,2
TXN000553,PRJ00327,CTR0023,136279.55,2026-08-29,3
TXN000554,PRJ00328,CTR0066,1599717.25,2025-04-09,1
TXN000555,PRJ00329,CTR0024,495558.52,2025-04-02,1
TXN000556,PRJ00329,CTR0024,451178.13,2024-12-06,2
TXN000557,PRJ00329,CTR0024,542608.21,2025-06-19,3
TXN000558,PRJ00331,CTR0043,98081.51,2026-01-14,1
TXN000559,PRJ00331,CTR0043,98300.34,2025-08-25,2
TXN000560,PRJ00331,CTR0043,110143.19,2026-02-21,3
TXN000561,PRJ00332,CTR0009,2815054.48,2026-05-15,1
TXN000562,PRJ00333,CTR0086,548281.97,2025-05-24,1
TXN000563,PRJ00333,CTR0086,569973.47,2025-05-23,2
TXN000564,PRJ00333,CTR0086,679478.91,2025-12-07,3
TXN000565,PRJ00334,CTR0088,472606.78,2025-11-08,1
TXN000566,PRJ00334,CTR0088,490369.49,2026-08-10,2
TXN000567,PRJ00334,CTR0088,578722.21,2026-07-01,3
TXN000568,PRJ00335,CTR0023,388157.58,2025-04-10,1
TXN000569,PRJ00335,CTR0023,402192.37,2025-06-13,2
TXN000570,PRJ00335,CTR0023,471199.7,2024-12-11,3
TXN000571,PRJ00338,CTR0022,661524.32,2025-07-08,1
TXN000572,PRJ00338,CTR0022,706481.36,2025-12-01,2
TXN000573,PRJ00339,CTR0112,303255.43,2026-08-29,1
TXN000574,PRJ00339,CTR0112,337978.6,2026-08-29,2
TXN000575,PRJ00339,CTR0112,351484.55,2026-08-29,3
TXN000576,PRJ00340,CTR0091,2597148.1,2025-12-28,1
TXN000577,PRJ00341,CTR0107,213849.26,2025-01-06,1
TXN000578,PRJ00341,CTR0107,224232.6,2024-11-11,2
TXN000579,PRJ00341,CTR0107,264816.19,2024-11-14,3
TXN000580,PRJ00342,CTR0069,229262.69,2025-06-11,1
TXN000581,PRJ00342,CTR0069,243950.36,2025-02-20,2
TXN000582,PRJ00342,CTR0069,246513.88,2026-01-16,3
TXN000583,PRJ00343,CTR0015,412386.73,2025-08-01,1
TXN000584,PRJ00343,CTR0015,481130.5,2025-02-13,2
TXN000585,PRJ00344,CTR0012,209092.48,2026-07-25,1
TXN000586,PRJ00344,CTR0012,222004.87,2026-06-07,2
TXN000587,PRJ00344,CTR0012,254970.51,2026-05-16,3
TXN000588,PRJ00346,CTR0072,1139333.33,2026-04-20,1
TXN000589,PRJ00346,CTR0072,1266415.5,2026-06-20,2
TXN000590,PRJ00347,CTR0051,230160.29,2026-02-04,1
TXN000591,PRJ00347,CTR0051,262056.33,2025-06-11,2
TXN000592,PRJ00347,CTR0051,267574.44,2025-07-13,3
TXN000593,PRJ00348,CTR0075,149680.81,2025-06-16,1
TXN000594,PRJ00348,CTR0075,146910.29,2025-02-19,2
TXN000595,PRJ00348,CTR0075,165546.84,2025-07-13,3
TXN000596,PRJ00349,CTR0070,1391909.8,2025-06-05,1
TXN000597,PRJ00349,CTR0070,1658334.84,2025-09-25,2
TXN000598,PRJ00350,CTR0037,361002.72,2026-01-28,1
TXN000599,PRJ00351,CTR0048,955846.86,2025-03-26,1
TXN000600,PRJ00353,CTR0084,241983.66,2026-01-09,1
TXN000601,PRJ00354,CTR0013,988860.44,2026-03-23,1
TXN000602,PRJ00354,CTR0013,976171.71,2026-02-22,2
TXN000603,PRJ00354,CTR0013,1097513.92,2025-05-14,3
TXN000604,PRJ00355,CTR0087,226100.1,2026-03-05,1
TXN000605,PRJ00355,CTR0087,269575.23,2026-04-18,2
TXN000606,PRJ00356,CTR0106,636899.92,2025-09-04,1
TXN000607,PRJ00356,CTR0106,629353.44,2026-01-23,2
TXN000608,PRJ00356,CTR0106,674381.69,2025-12-06,3
TXN000609,PRJ00357,CTR0036,50553.6,2025-10-25,1
TXN000610,PRJ00357,CTR0036,57498.75,2025-07-25,2
TXN000611,PRJ00358,CTR0005,620078.11,2026-08-28,1
TXN000612,PRJ00358,CTR0005,651573.34,2026-08-05,2
TXN000613,PRJ00358,CTR0005,776191.12,2026-08-25,3
TXN000614,PRJ00359,CTR0031,1861861.38,2025-04-09,1
TXN000615,PRJ00360,CTR0058,372417.98,2025-06-24,1
TXN000616,PRJ00360,CTR0058,368766.01,2025-05-29,2
TXN000617,PRJ00360,CTR0058,416556.48,2025-06-29,3
TXN000618,PRJ00361,CTR0052,409468.46,2025-04-22,1
TXN000619,PRJ00361,CTR0052,426050.18,2025-07-18,2
TXN000620,PRJ00361,CTR0052,469809.69,2024-08-01,3
TXN000621,PRJ00362,CTR0018,1942702.54,2025-08-26,1
TXN000622,PRJ00362,CTR0018,2145877.01,2026-01-04,2
TXN000623,PRJ00363,CTR0041,485355.38,2026-01-22,1
TXN000624,PRJ00363,CTR0041,587352.93,2026-05-11,2
TXN000625,PRJ00364,CTR0039,213008.76,2026-08-08,1
TXN000626,PRJ00364,CTR0039,247953.0,2026-03-18,2
TXN000627,PRJ00365,CTR0053,52936.23,2026-08-08,1
TXN000628,PRJ00365,CTR0053,53229.56,2026-03-09,2
TXN000629,PRJ00365,CTR0053,57008.55,2025-11-07,3
TXN000630,PRJ00366,CTR0024,713143.41,2025-03-06,1
TXN000631,PRJ00366,CTR0024,724629.23,2024-09-15,2
TXN000632,PRJ00367,CTR0101,708129.73,2025-03-10,1
TXN000633,PRJ00367,CTR0101,753465.32,2024-10-22,2
TXN000634,PRJ00368,CTR0005,346860.35,2024-09-03,1
TXN000635,PRJ00368,CTR0005,406015.96,2025-03-20,2
TXN000636,PRJ00369,CTR0061,475473.69,2025-07-08,1
TXN000637,PRJ00369,CTR0061,494281.16,2025-11-23,2
TXN000638,PRJ00369,CTR0061,512698.6,2025-08-20,3
TXN000639,PRJ00370,CTR0104,90664.03,2025-07-22,1
TXN000640,PRJ00370,CTR0104,110526.42,2025-04-05,2
TXN000641,PRJ00371,CTR0054,133407.47,2025-07-20,1
TXN000642,PRJ00371,CTR0054,133237.13,2025-11-01,2
TXN000643,PRJ00371,CTR0054,151754.87,2024-12-31,3
TXN000644,PRJ00372,CTR0033,307386.16,2026-01-26,1
TXN000645,PRJ00372,CTR0033,328266.6,2026-08-12,2
TXN000646,PRJ00373,CTR0109,55521.6,2025-08-23,1
TXN000647,PRJ00373,CTR0109,59388.48,2025-12-09,2
TXN000648,PRJ00373,CTR0109,67876.99,2025-10-08,3
TXN000649,PRJ00375,CTR0006,1383263.21,2026-04-14,1
TXN000650,PRJ00376,CTR0093,311028.27,2024-12-15,1
TXN000651,PRJ00376,CTR0093,315518.69,2025-10-14,2
TXN000652,PRJ00376,CTR0093,361585.32,2025-08-27,3
TXN000653,PRJ00377,CTR0112,136885.46,2025-11-17,1
TXN000654,PRJ00377,CTR0112,132862.42,2025-03-28,2
TXN000655,PRJ00377,CTR0112,152526.49,2025-06-04,3
TXN000656,PRJ00378,CTR0120,503395.71,2026-07-21,1
TXN000657,PRJ00379,CTR0118,438093.67,2025-05-26,1
TXN000658,PRJ00379,CTR0118,439808.14,2024-11-18,2
TXN000659,PRJ00380,CTR0100,644471.39,2026-05-22,1
TXN000660,PRJ00380,CTR0100,704433.61,2026-04-15,2
TXN000661,PRJ00380,CTR0100,766417.43,2026-08-20,3
TXN000662,PRJ00381,CTR0040,358273.14,2026-06-06,1
TXN000663,PRJ00381,CTR0040,386044.47,2026-04-06,2
TXN000664,PRJ00381,CTR0040,403370.4,2026-02-07,3
TXN000665,PRJ00382,CTR0013,282460.52,2026-05-13,1
TXN000666,PRJ00382,CTR0013,304361.68,2026-05-10,2
TXN000667,PRJ00383,CTR0118,133820.99,2026-03-13,1
TXN000668,PRJ00383,CTR0118,146323.02,2025-12-04,2
TXN000669,PRJ00384,CTR0073,1088109.77,2025-09-23,1
TXN000670,PRJ00384,CTR0073,1137758.57,2025-01-10,2
TXN000671,PRJ00385,CTR0034,1035533.39,2026-04-28,1
TXN000672,PRJ00385,CTR0034,1244421.94,2026-05-05,2
TXN000673,PRJ00386,CTR0038,1056388.31,2025-11-28,1
TXN000674,PRJ00386,CTR0038,1093105.58,2026-01-16,2
TXN000675,PRJ00387,CTR0019,2181251.54,2026-05-09,1
TXN000676,PRJ00388,CTR0093,59655.5,2026-05-22,1
TXN000677,PRJ00388,CTR0093,67988.27,2026-01-26,2
TXN000678,PRJ00388,CTR0093,70367.39,2026-05-17,3
TXN000679,PRJ00389,CTR0094,171233.99,2026-06-29,1
TXN000680,PRJ00393,CTR0003,154023.45,2025-06-15,1
TXN000681,PRJ00393,CTR0003,182118.72,2026-05-15,2
TXN000682,PRJ00394,CTR0059,735743.3,2025-08-14,1
TXN000683,PRJ00394,CTR0059,740100.03,2026-02-02,2
TXN000684,PRJ00394,CTR0059,873843.57,2026-01-10,3
TXN000685,PRJ00395,CTR0117,1249369.02,2026-07-05,1
TXN000686,PRJ00397,CTR0069,162830.66,2026-07-24,1
TXN000687,PRJ00397,CTR0069,175899.53,2026-01-10,2
TXN000688,PRJ00397,CTR0069,198782.63,2026-03-01,3
TXN000689,PRJ00398,CTR0104,2054927.47,2026-08-29,1
TXN000690,PRJ00399,CTR0068,1659960.57,2026-08-08,1
TXN000691,PRJ00399,CTR0068,1875606.83,2026-08-18,2
TXN000692,PRJ00400,CTR0009,2386756.88,2026-08-01,1
TXN000693,PRJ00401,CTR0073,113192.84,2025-06-23,1
TXN000694,PRJ00401,CTR0073,116315.63,2025-08-21,2
TXN000695,PRJ00402,CTR0088,538890.1,2026-07-26,1
TXN000696,PRJ00403,CTR0012,3878638.92,2025-05-05,1
TXN000697,PRJ00404,CTR0008,258002.11,2026-06-29,1
TXN000698,PRJ00404,CTR0008,298363.99,2025-09-20,2
TXN000699,PRJ00405,CTR0016,12410479.98,2026-05-20,1
TXN000700,PRJ00406,CTR0110,352407.46,2026-06-10,1
TXN000701,PRJ00406,CTR0110,375967.53,2026-08-11,2
TXN000702,PRJ00406,CTR0110,403651.3,2026-07-13,3
TXN000703,PRJ00407,CTR0028,310420.75,2026-03-19,1
TXN000704,PRJ00407,CTR0028,319672.22,2026-05-14,2
TXN000705,PRJ00408,CTR0035,196609.19,2024-12-20,1
TXN000706,PRJ00408,CTR0035,204282.37,2025-08-30,2
TXN000707,PRJ00408,CTR0035,223229.16,2025-08-03,3
TXN000708,PRJ00409,CTR0116,538258.38,2025-03-27,1
TXN000709,PRJ00409,CTR0116,507853.65,2024-10-01,2
TXN000710,PRJ00409,CTR0116,612401.43,2025-04-06,3
TXN000711,PRJ00410,CTR0119,53229.7,2025-04-16,1
TXN000712,PRJ00410,CTR0119,56078.89,2025-10-18,2
TXN000713,PRJ00410,CTR0119,62863.33,2025-07-22,3
TXN000714,PRJ00411,CTR0019,357824.18,2026-07-12,1
TXN000715,PRJ00411,CTR0019,348357.79,2026-07-27,2
TXN000716,PRJ00411,CTR0019,398164.37,2026-07-13,3
TXN000717,PRJ00412,CTR0010,1039567.6,2026-02-24,1
TXN000718,PRJ00412,CTR0010,989657.32,2026-04-21,2
TXN000719,PRJ00412,CTR0010,1206801.51,2025-12-17,3
TXN000720,PRJ00413,CTR0087,2040991.57,2026-07-22,1
TXN000721,PRJ00414,CTR0102,84607.57,2026-03-18,1
TXN000722,PRJ00415,CTR0096,1650963.38,2026-03-21,1
TXN000723,PRJ00416,CTR0030,677718.04,2026-02-03,1
TXN000724,PRJ00416,CTR0030,787272.68,2026-03-11,2
TXN000725,PRJ00417,CTR0077,218341.13,2026-01-12,1
TXN000726,PRJ00417,CTR0077,242460.99,2026-03-24,2
TXN000727,PRJ00418,CTR0101,1498659.33,2026-03-21,1
TXN000728,PRJ00419,CTR0056,1939881.21,2026-08-25,1
TXN000729,PRJ00420,CTR0011,879297.53,2025-09-15,1
TXN000730,PRJ00420,CTR0011,1051543.08,2025-09-08,2
TXN000731,PRJ00421,CTR0011,2378313.64,2026-01-15,1
TXN000732,PRJ00421,CTR0011,2615331.78,2025-09-25,2
TXN000733,PRJ00422,CTR0095,53274.44,2026-03-19,1
TXN000734,PRJ00422,CTR0095,52406.89,2026-05-17,2
TXN000735,PRJ00422,CTR0095,60282.05,2026-04-27,3
TXN000736,PRJ00423,CTR0001,2256333.14,2025-09-21,1
TXN000737,PRJ00424,CTR0014,204141.17,2025-03-25,1
TXN000738,PRJ00425,CTR0072,817701.61,2025-01-06,1
TXN000739,PRJ00425,CTR0072,928226.21,2024-12-25,2
TXN000740,PRJ00426,CTR0012,461210.69,2025-02-07,1
TXN000741,PRJ00426,CTR0012,535629.04,2025-02-19,2
TXN000742,PRJ00427,CTR0101,984011.08,2026-06-20,1
TXN000743,PRJ00428,CTR0053,185873.89,2026-05-08,1
TXN000744,PRJ00428,CTR0053,199842.67,2026-07-17,2
TXN000745,PRJ00428,CTR0053,231198.42,2026-03-12,3
TXN000746,PRJ00429,CTR0116,790447.8,2025-06-09,1
TXN000747,PRJ00429,CTR0116,908421.26,2025-04-17,2
TXN000748,PRJ00430,CTR0022,352544.43,2026-01-20,1
TXN000749,PRJ00430,CTR0022,376521.17,2026-04-07,2
TXN000750,PRJ00430,CTR0022,376747.87,2026-03-19,3
TXN000751,PRJ00431,CTR0039,479953.97,2025-12-29,1
TXN000752,PRJ00432,CTR0056,79507.18,2026-07-12,1
TXN000753,PRJ00432,CTR0056,82827.64,2026-06-10,2
TXN000754,PRJ00432,CTR0056,92389.77,2025-12-18,3
TXN000755,PRJ00433,CTR0047,822538.37,2026-05-15,1
TXN000756,PRJ00434,CTR0077,271682.2,2024-12-09,1
TXN000757,PRJ00434,CTR0077,258578.09,2025-01-19,2
TXN000758,PRJ00434,CTR0077,306911.26,2025-10-03,3
TXN000759,PRJ00436,CTR0049,531187.53,2026-08-17,1
TXN000760,PRJ00436,CTR0049,616478.44,2026-08-07,2
TXN000761,PRJ00437,CTR0056,718780.8,2025-11-11,1
TXN000762,PRJ00437,CTR0056,810991.24,2026-04-09,2
TXN000763,PRJ00438,CTR0039,85347.58,2025-05-06,1
TXN000764,PRJ00439,CTR0041,359509.53,2026-04-14,1
TXN000765,PRJ00439,CTR0041,372755.68,2025-11-13,2
TXN000766,PRJ00440,CTR0095,391475.15,2026-06-22,1
TXN000767,PRJ00440,CTR0095,432509.16,2026-08-06,2
TXN000768,PRJ00440,CTR0095,436804.09,2026-04-28,3
TXN000769,PRJ00442,CTR0120,1199756.66,2025-10-21,1
TXN000770,PRJ00442,CTR0120,1341502.19,2026-07-02,2
TXN000771,PRJ00442,CTR0120,1362458.18,2026-06-02,3
TXN000772,PRJ00443,CTR0088,69769.44,2026-06-24,1
TXN000773,PRJ00443,CTR0088,72435.84,2026-05-21,2
TXN000774,PRJ00443,CTR0088,80635.37,2026-06-24,3
TXN000775,PRJ00444,CTR0091,612612.26,2025-01-04,1
TXN000776,PRJ00445,CTR0105,1310978.92,2026-07-16,1
TXN000777,PRJ00445,CTR0105,1460740.37,2026-01-21,2
TXN000778,PRJ00445,CTR0105,1535133.99,2026-02-26,3
TXN000779,PRJ00446,CTR0018,231866.89,2026-06-19,1
TXN000780,PRJ00446,CTR0018,249742.94,2026-06-25,2
TXN000781,PRJ00446,CTR0018,260760.25,2026-06-14,3
TXN000782,PRJ00447,CTR0092,35165.21,2025-02-10,1
TXN000783,PRJ00447,CTR0092,41243.49,2025-04-03,2
TXN000784,PRJ00448,CTR0077,928878.93,2025-04-13,1
TXN000785,PRJ00449,CTR0119,1030489.24,2026-08-02,1
TXN000786,PRJ00449,CTR0119,977169.95,2026-08-05,2
TXN000787,PRJ00449,CTR0119,1161471.18,2026-08-28,3
TXN000788,PRJ00450,CTR0005,181770.2,2026-08-06,1
TXN000789,PRJ00450,CTR0005,193043.87,2026-07-06,2
TXN000790,PRJ00450,CTR0005,216252.05,2026-07-30,3
TXN000791,PRJ00451,CTR0077,266089.19,2026-07-25,1
TXN000792,PRJ00451,CTR0077,282425.92,2026-08-20,2
TXN000793,PRJ00452,CTR0085,251052.59,2026-03-31,1
TXN000794,PRJ00453,CTR0006,552277.68,2025-12-21,1
TXN000795,PRJ00454,CTR0097,211204.55,2025-03-13,1
TXN000796,PRJ00454,CTR0097,213901.19,2025-05-29,2
TXN000797,PRJ00455,CTR0013,283842.15,2026-06-23,1
TXN000798,PRJ00455,CTR0013,295900.61,2026-07-31,2
TXN000799,PRJ00456,CTR0072,847827.88,2026-07-21,1
TXN000800,PRJ00456,CTR0072,1008305.68,2026-07-12,2
TXN000801,PRJ00457,CTR0048,198702.4,2025-05-02,1
TXN000802,PRJ00457,CTR0048,206348.52,2025-11-11,2
TXN000803,PRJ00458,CTR0020,2417338.38,2025-11-07,1
TXN000804,PRJ00459,CTR0038,4770506.76,2026-02-28,1
TXN000805,PRJ00460,CTR0045,51445.62,2025-07-05,1
TXN000806,PRJ00460,CTR0045,51447.46,2025-07-11,2
TXN000807,PRJ00460,CTR0045,58885.09,2025-08-30,3
TXN000808,PRJ00461,CTR0062,294294.71,2026-08-05,1
TXN000809,PRJ00461,CTR0062,290848.67,2026-07-17,2
TXN000810,PRJ00461,CTR0062,298979.27,2026-02-07,3
TXN000811,PRJ00462,CTR0041,114107.88,2026-05-24,1
TXN000812,PRJ00462,CTR0041,112883.63,2026-06-19,2
TXN000813,PRJ00462,CTR0041,127474.56,2025-11-18,3
TXN000814,PRJ00463,CTR0003,1973281.13,2025-04-19,1
TXN000815,PRJ00464,CTR0120,37224.69,2026-06-25,1
TXN000816,PRJ00464,CTR0120,35955.53,2026-04-06,2
TXN000817,PRJ00464,CTR0120,41831.43,2026-01-09,3
TXN000818,PRJ00465,CTR0071,34726.42,2026-07-17,1
TXN000819,PRJ00465,CTR0071,37098.12,2026-06-25,2
TXN000820,PRJ00465,CTR0071,40576.2,2026-04-23,3
TXN000821,PRJ00466,CTR0030,69212.4,2026-07-17,1
TXN000822,PRJ00466,CTR0030,76785.7,2026-06-23,2
TXN000823,PRJ00467,CTR0082,161353.32,2026-04-25,1
TXN000824,PRJ00468,CTR0114,388232.0,2026-03-19,1
TXN000825,PRJ00468,CTR0114,391221.95,2026-06-01,2
TXN000826,PRJ00469,CTR0001,713142.33,2026-08-19,1
TXN000827,PRJ00469,CTR0001,733839.78,2026-08-20,2
TXN000828,PRJ00469,CTR0001,826332.36,2026-08-22,3
TXN000829,PRJ00470,CTR0074,2421764.29,2026-03-02,1
TXN000830,PRJ00472,CTR0017,219297.19,2026-05-10,1
TXN000831,PRJ00472,CTR0017,242519.46,2026-06-25,2
TXN000832,PRJ00473,CTR0079,581721.68,2025-12-10,1
TXN000833,PRJ00473,CTR0079,656343.61,2026-05-02,2
TXN000834,PRJ00473,CTR0079,665245.07,2026-05-19,3
TXN000835,PRJ00474,CTR0109,88094.74,2026-08-04,1
TXN000836,PRJ00474,CTR0109,93008.47,2026-06-28,2
TXN000837,PRJ00474,CTR0109,99996.59,2026-03-14,3
TXN000838,PRJ00475,CTR0118,1911342.18,2026-03-24,1
TXN000839,PRJ00476,CTR0041,158400.6,2025-06-28,1
TXN000840,PRJ00476,CTR0041,164192.4,2024-10-05,2
TXN000841,PRJ00477,CTR0048,79688.18,2026-02-23,1
TXN000842,PRJ00477,CTR0048,82592.48,2026-07-22,2
TXN000843,PRJ00477,CTR0048,95583.09,2025-12-19,3
TXN000844,PRJ00478,CTR0077,347512.29,2026-05-20,1
TXN000845,PRJ00478,CTR0077,368523.66,2026-05-14,2
TXN000846,PRJ00478,CTR0077,432625.79,2026-08-01,3
TXN000847,PRJ00479,CTR0016,285702.68,2025-03-02,1
TXN000848,PRJ00480,CTR0024,264910.84,2025-01-13,1
TXN000849,PRJ00481,CTR0002,255341.89,2025-03-17,1
TXN000850,PRJ00482,CTR0065,383532.02,2026-01-07,1
TXN000851,PRJ00482,CTR0065,406146.6,2026-06-11,2
TXN000852,PRJ00482,CTR0065,433333.86,2026-06-16,3
TXN000853,PRJ00483,CTR0054,303871.18,2026-01-12,1
TXN000854,PRJ00483,CTR0054,315134.26,2026-07-17,2
TXN000855,PRJ00483,CTR0054,318051.93,2026-08-07,3
TXN000856,PRJ00484,CTR0011,73936.2,2026-06-11,1
TXN000857,PRJ00484,CTR0011,90081.37,2026-04-23,2
TXN000858,PRJ00486,CTR0019,312490.85,2025-03-02,1
TXN000859,PRJ00486,CTR0019,322832.7,2025-11-09,2
TXN000860,PRJ00487,CTR0100,402063.16,2026-06-26,1
TXN000861,PRJ00487,CTR0100,387119.92,2026-08-18,2
TXN000862,PRJ00487,CTR0100,421860.66,2026-05-11,3
TXN000863,PRJ00488,CTR0098,579301.2,2026-02-23,1
TXN000864,PRJ00488,CTR0098,611440.32,2025-10-04,2
TXN000865,PRJ00488,CTR0098,619707.95,2026-03-04,3
TXN000866,PRJ00489,CTR0014,249917.75,2026-06-12,1
TXN000867,PRJ00489,CTR0014,251106.16,2026-07-26,2
TXN000868,PRJ00489,CTR0014,272958.68,2026-08-07,3
TXN000869,PRJ00490,CTR0039,664796.59,2025-09-12,1
TXN000870,PRJ00491,CTR0045,862349.58,2026-04-12,1
TXN000871,PRJ00492,CTR0100,2372320.69,2026-01-29,1
TXN000872,PRJ00492,CTR0100,2885797.47,2026-04-04,2
TXN000873,PRJ00493,CTR0089,693716.17,2026-08-16,1
TXN000874,PRJ00493,CTR0089,706204.17,2026-06-17,2
TXN000875,PRJ00494,CTR0022,926217.72,2026-04-22,1
TXN000876,PRJ00494,CTR0022,1110985.89,2026-04-05,2
TXN000877,PRJ00495,CTR0073,3371855.67,2026-02-09,1
TXN000878,PRJ00496,CTR0022,2147031.92,2026-08-17,1
TXN000879,PRJ00497,CTR0074,119664.46,2026-05-16,1
TXN000880,PRJ00497,CTR0074,121415.51,2026-08-09,2
TXN000881,PRJ00498,CTR0018,4065400.76,2025-02-01,1
TXN000882,PRJ00499,CTR0111,419019.73,2025-08-04,1
TXN000883,PRJ00499,CTR0111,441671.68,2025-03-19,2
TXN000884,PRJ00500,CTR0019,250397.97,2025-03-02,1
TXN000885,PRJ00500,CTR0019,246403.61,2025-01-27,2
TXN000886,PRJ00500,CTR0019,259845.17,2024-09-13,3
TXN000887,PRJ00502,CTR0049,94773.05,2026-04-16,1
TXN000888,PRJ00502,CTR0049,105449.76,2026-03-05,2
TXN000889,PRJ00502,CTR0049,112197.6,2026-06-08,3
TXN000890,PRJ00503,CTR0052,4539453.8,2025-04-06,1
TXN000891,PRJ00504,CTR0059,579441.66,2025-11-06,1
TXN000892,PRJ00504,CTR0059,600801.99,2025-11-04,2
TXN000893,PRJ00504,CTR0059,611117.1,2025-10-20,3
TXN000894,PRJ00505,CTR0112,1043314.58,2025-05-10,1
TXN000895,PRJ00505,CTR0112,1224913.25,2025-01-27,2
TXN000896,PRJ00506,CTR0082,227598.5,2026-04-17,1
TXN000897,PRJ00506,CTR0082,244914.43,2026-04-27,2
TXN000898,PRJ00508,CTR0009,561066.03,2026-08-23,1
TXN000899,PRJ00509,CTR0074,524735.97,2025-12-21,1
TXN000900,PRJ00509,CTR0074,600435.09,2025-11-27,2
TXN000901,PRJ00511,CTR0119,717981.55,2026-08-02,1
TXN000902,PRJ00511,CTR0119,702212.69,2026-08-13,2
TXN000903,PRJ00511,CTR0119,783361.62,2026-08-19,3
TXN000904,PRJ00512,CTR0055,944532.41,2026-04-20,1
TXN000905,PRJ00512,CTR0055,1016444.67,2025-06-25,2
TXN000906,PRJ00513,CTR0021,423966.09,2026-01-13,1
TXN000907,PRJ00513,CTR0021,431778.92,2026-01-16,2
TXN000908,PRJ00513,CTR0021,512411.16,2026-01-22,3
TXN000909,PRJ00515,CTR0007,284663.89,2025-10-09,1
TXN000910,PRJ00516,CTR0055,595589.94,2026-05-27,1
TXN000911,PRJ00517,CTR0007,673143.63,2025-09-18,1
TXN000912,PRJ00517,CTR0007,761962.26,2025-04-22,2
TXN000913,PRJ00520,CTR0012,120103.97,2025-08-03,1
TXN000914,PRJ00520,CTR0012,120797.51,2025-02-04,2
TXN000915,PRJ00520,CTR0012,146935.88,2025-06-16,3
TXN000916,PRJ00521,CTR0113,531150.87,2026-08-14,1
TXN000917,PRJ00522,CTR0083,111309.01,2026-02-18,1
TXN000918,PRJ00522,CTR0083,117686.25,2026-07-27,2
TXN000919,PRJ00524,CTR0045,327812.8,2026-04-06,1
TXN000920,PRJ00524,CTR0045,345846.62,2026-06-23,2
TXN000921,PRJ00525,CTR0014,126031.52,2025-12-14,1
TXN000922,PRJ00525,CTR0014,131275.88,2026-04-01,2
TXN000923,PRJ00525,CTR0014,144745.06,2026-03-29,3
TXN000924,PRJ00527,CTR0102,417540.65,2026-03-03,1
TXN000925,PRJ00527,CTR0102,441659.13,2026-02-03,2
TXN000926,PRJ00527,CTR0102,450379.2,2026-01-05,3
TXN000927,PRJ00528,CTR0032,4682992.61,2026-08-29,1
TXN000928,PRJ00529,CTR0037,151374.43,2025-03-12,1
TXN000929,PRJ00529,CTR0037,141447.18,2025-08-14,2
TXN000930,PRJ00529,CTR0037,163885.36,2025-12-29,3
TXN000931,PRJ00530,CTR0027,331358.28,2025-06-22,1
TXN000932,PRJ00530,CTR0027,326474.54,2024-12-11,2
TXN000933,PRJ00530,CTR0027,387993.07,2025-06-16,3
TXN000934,PRJ00531,CTR0038,349891.48,2025-07-03,1
TXN000935,PRJ00531,CTR0038,368486.61,2025-07-02,2
TXN000936,PRJ00531,CTR0038,426962.78,2025-11-19,3
TXN000937,PRJ00532,CTR0015,100249.3,2026-02-25,1
TXN000938,PRJ00532,CTR0015,100460.24,2026-06-02,2
TXN000939,PRJ00532,CTR0015,120333.15,2025-12-15,3
TXN000940,PRJ00533,CTR0068,3438801.25,2026-08-06,1
TXN000941,PRJ00534,CTR0017,514793.54,2025-07-19,1
TXN000942,PRJ00535,CTR0070,1665442.03,2025-06-08,1
TXN000943,PRJ00536,CTR0003,641278.43,2025-10-23,1
TXN000944,PRJ00536,CTR0003,656242.08,2025-08-11,2
TXN000945,PRJ00537,CTR0006,227254.0,2026-08-16,1
TXN000946,PRJ00537,CTR0006,267726.85,2026-07-06,2
TXN000947,PRJ00538,CTR0081,691990.67,2025-12-25,1
TXN000948,PRJ00538,CTR0081,811025.9,2026-06-19,2
TXN000949,PRJ00539,CTR0011,347524.66,2026-02-08,1
TXN000950,PRJ00539,CTR0011,343552.57,2026-01-20,2
TXN000951,PRJ00539,CTR0011,384220.45,2025-09-13,3
TXN000952,PRJ00540,CTR0036,49311.32,2025-10-05,1
TXN000953,PRJ00540,CTR0036,55511.45,2025-06-02,2
TXN000954,PRJ00540,CTR0036,55778.39,2025-07-30,3
TXN000955,PRJ00541,CTR0104,554085.12,2026-05-31,1
TXN000956,PRJ00542,CTR0082,195070.84,2026-05-04,1
TXN000957,PRJ00543,CTR0040,861237.78,2026-07-14,1
TXN000958,PRJ00543,CTR0040,798748.33,2026-08-28,2
TXN000959,PRJ00543,CTR0040,964824.48,2026-07-12,3
TXN000960,PRJ00544,CTR0032,1231984.54,2026-04-10,1
TXN000961,PRJ00544,CTR0032,1265981.02,2026-06-29,2
TXN000962,PRJ00545,CTR0079,351666.75,2026-07-06,1
TXN000963,PRJ00545,CTR0079,420176.91,2026-08-18,2
TXN000964,PRJ00547,CTR0021,1942079.08,2025-06-14,1
TXN000965,PRJ00547,CTR0021,2279072.51,2026-03-18,2
TXN000966,PRJ00548,CTR0101,647146.71,2026-04-19,1
TXN000967,PRJ00548,CTR0101,668795.79,2026-08-06,2
TXN000968,PRJ00549,CTR0017,1767153.91,2026-03-27,1
TXN000969,PRJ00550,CTR0099,2350924.98,2026-07-02,1
TXN000970,PRJ00550,CTR0099,2587950.16,2026-02-14,2
TXN000971,PRJ00551,CTR0068,815486.8,2025-12-06,1
TXN000972,PRJ00551,CTR0068,958468.68,2026-02-26,2
TXN000973,PRJ00552,CTR0064,1447166.63,2025-08-18,1
TXN000974,PRJ00552,CTR0064,1521483.7,2025-05-22,2
TXN000975,PRJ00552,CTR0064,1586327.33,2025-08-08,3
TXN000976,PRJ00553,CTR0110,143599.69,2025-04-08,1
TXN000977,PRJ00553,CTR0110,160485.68,2025-04-18,2
TXN000978,PRJ00553,CTR0110,164593.58,2025-06-24,3
TXN000979,PRJ00554,CTR0099,316711.59,2026-01-07,1
TXN000980,PRJ00555,CTR0030,502405.57,2026-07-17,1
TXN000981,PRJ00555,CTR0030,565469.13,2025-12-30,2
TXN000982,PRJ00556,CTR0032,3514542.36,2025-06-26,1
TXN000983,PRJ00557,CTR0023,109473.48,2026-02-13,1
TXN000984,PRJ00557,CTR0023,125936.77,2025-11-26,2
TXN000985,PRJ00558,CTR0029,467668.77,2025-12-13,1
TXN000986,PRJ00558,CTR0029,497497.0,2025-04-19,2
TXN000987,PRJ00558,CTR0029,506281.56,2025-07-05,3
TXN000988,PRJ00559,CTR0035,359562.69,2026-08-22,1
TXN000989,PRJ00559,CTR0035,393515.67,2026-08-28,2
TXN000990,PRJ00560,CTR0065,304123.34,2025-08-16,1
TXN000991,PRJ00560,CTR0065,320626.04,2024-11-09,2
TXN000992,PRJ00560,CTR0065,363155.1,2024-11-09,3
TXN000993,PRJ00561,CTR0006,979047.18,2025-01-28,1
TXN000994,PRJ00562,CTR0100,1435966.38,2026-04-28,1
TXN000995,PRJ00562,CTR0100,1590837.35,2026-07-20,2
TXN000996,PRJ00564,CTR0101,194405.79,2026-01-13,1
TXN000997,PRJ00565,CTR0048,434232.57,2025-09-09,1
TXN000998,PRJ00566,CTR0094,634649.9,2025-12-13,1
TXN000999,PRJ00567,CTR0120,1339719.11,2026-02-26,1
TXN001000,PRJ00567,CTR0120,1405425.51,2026-04-07,2
TXN001001,PRJ00567,CTR0120,1639166.98,2025-12-24,3
TXN001002,PRJ00568,CTR0082,1355676.33,2025-11-27,1
TXN001003,PRJ00568,CTR0082,1495855.96,2026-05-13,2
TXN001004,PRJ00569,CTR0098,3158757.43,2026-06-10,1
TXN001005,PRJ00570,CTR0014,280736.53,2026-03-19,1
TXN001006,PRJ00570,CTR0014,291951.72,2026-04-28,2
TXN001007,PRJ00570,CTR0014,351760.88,2026-01-15,3
TXN001008,PRJ00571,CTR0008,310954.55,2026-06-16,1
TXN001009,PRJ00573,CTR0090,1337822.22,2026-04-19,1
TXN001010,PRJ00574,CTR0075,667580.29,2025-12-08,1
TXN001011,PRJ00574,CTR0075,647056.47,2025-10-11,2
TXN001012,PRJ00574,CTR0075,703369.44,2026-05-13,3
TXN001013,PRJ00575,CTR0010,541329.52,2026-07-10,1
TXN001014,PRJ00576,CTR0031,205466.13,2024-12-05,1
TXN001015,PRJ00577,CTR0041,1337135.63,2025-03-08,1
TXN001016,PRJ00577,CTR0041,1345423.71,2025-08-07,2
TXN001017,PRJ00577,CTR0041,1392330.43,2024-12-03,3
TXN001018,PRJ00578,CTR0018,546575.52,2026-03-08,1
TXN001019,PRJ00579,CTR0014,55618.93,2026-01-08,1
TXN001020,PRJ00579,CTR0014,64112.13,2026-01-08,2
TXN001021,PRJ00580,CTR0016,1140768.91,2026-06-04,1
TXN001022,PRJ00581,CTR0060,644652.56,2025-09-07,1
TXN001023,PRJ00581,CTR0060,752237.39,2026-05-19,2
TXN001024,PRJ00582,CTR0104,78372.44,2026-02-13,1
TXN001025,PRJ00582,CTR0104,82210.58,2026-04-15,2
TXN001026,PRJ00582,CTR0104,95782.25,2026-05-06,3
TXN001027,PRJ00583,CTR0006,259923.86,2026-05-25,1
TXN001028,PRJ00584,CTR0092,1501664.18,2026-06-21,1
TXN001029,PRJ00584,CTR0092,1510528.05,2026-03-19,2
TXN001030,PRJ00585,CTR0007,463241.83,2025-06-14,1
TXN001031,PRJ00585,CTR0007,530978.32,2025-08-23,2
TXN001032,PRJ00586,CTR0052,1732202.16,2025-08-17,1
TXN001033,PRJ00586,CTR0052,2055533.48,2026-05-06,2
TXN001034,PRJ00588,CTR0002,1807934.99,2024-12-29,1
TXN001035,PRJ00589,CTR0106,122067.14,2026-07-11,1
TXN001036,PRJ00589,CTR0106,138198.53,2026-04-23,2
TXN001037,PRJ00590,CTR0075,2402379.17,2025-03-05,1
TXN001038,PRJ00591,CTR0026,1349470.98,2025-04-17,1
TXN001039,PRJ00591,CTR0026,1378165.9,2025-10-16,2
TXN001040,PRJ00591,CTR0026,1453010.12,2026-02-21,3
TXN001041,PRJ00592,CTR0116,787203.11,2026-08-10,1
TXN001042,PRJ00592,CTR0116,785392.42,2026-04-27,2
TXN001043,PRJ00592,CTR0116,799775.44,2026-03-20,3
TXN001044,PRJ00593,CTR0060,3327795.96,2025-08-21,1
TXN001045,PRJ00595,CTR0046,270674.18,2026-07-16,1
TXN001046,PRJ00596,CTR0058,339164.47,2025-05-09,1
TXN001047,PRJ00596,CTR0058,342311.87,2026-01-01,2
TXN001048,PRJ00596,CTR0058,347958.76,2026-03-06,3
TXN001049,PRJ00597,CTR0079,319413.47,2026-07-02,1
TXN001050,PRJ00597,CTR0079,296144.25,2026-06-18,2
TXN001051,PRJ00597,CTR0079,354296.52,2026-07-03,3
TXN001052,PRJ00598,CTR0113,2737137.64,2026-07-23,1
TXN001053,PRJ00598,CTR0113,2956819.78,2026-08-09,2
TXN001054,PRJ00599,CTR0050,142831.13,2025-12-08,1
TXN001055,PRJ00599,CTR0050,138903.75,2026-01-02,2
TXN001056,PRJ00599,CTR0050,163510.71,2026-03-13,3
TXN001057,PRJ00600,CTR0032,1409737.3,2025-10-24,1
TXN001058,PRJ00600,CTR0032,1557708.7,2026-01-31,2
TXN001059,PRJ00601,CTR0062,717192.66,2026-04-25,1
TXN001060,PRJ00601,CTR0062,769816.18,2026-03-02,2
TXN001061,PRJ00601,CTR0062,856967.48,2026-02-06,3
TXN001062,PRJ00602,CTR0065,270212.82,2024-11-24,1
TXN001063,PRJ00602,CTR0065,258856.41,2025-06-16,2
TXN001064,PRJ00602,CTR0065,285150.19,2025-04-07,3
TXN001065,PRJ00603,CTR0041,483674.33,2025-09-03,1
TXN001066,PRJ00604,CTR0008,134995.12,2026-03-02,1
TXN001067,PRJ00604,CTR0008,134897.54,2026-04-20,2
TXN001068,PRJ00604,CTR0008,161954.98,2026-01-03,3
TXN001069,PRJ00605,CTR0099,348274.86,2026-08-20,1
TXN001070,PRJ00605,CTR0099,377634.31,2026-08-12,2
TXN001071,PRJ00605,CTR0099,414690.53,2026-08-23,3
TXN001072,PRJ00606,CTR0008,566491.18,2026-01-28,1
TXN001073,PRJ00606,CTR0008,567891.89,2026-06-16,2
TXN001074,PRJ00606,CTR0008,631528.98,2026-04-27,3
TXN001075,PRJ00607,CTR0012,4953218.61,2024-12-12,1
TXN001076,PRJ00608,CTR0076,93751.19,2026-06-21,1
TXN001077,PRJ00608,CTR0076,107381.15,2026-08-18,2
TXN001078,PRJ00609,CTR0117,322751.26,2026-03-19,1
TXN001079,PRJ00609,CTR0117,320889.72,2026-08-09,2
TXN001080,PRJ00609,CTR0117,357474.94,2026-03-22,3
TXN001081,PRJ00610,CTR0073,227519.56,2025-10-13,1
TXN001082,PRJ00610,CTR0073,206893.54,2025-10-07,2
TXN001083,PRJ00610,CTR0073,248905.72,2025-02-26,3
TXN001084,PRJ00611,CTR0018,146750.87,2026-04-07,1
TXN001085,PRJ00611,CTR0018,141823.5,2026-05-31,2
TXN001086,PRJ00611,CTR0018,158622.8,2026-07-04,3
TXN001087,PRJ00614,CTR0044,169384.27,2026-05-01,1
TXN001088,PRJ00615,CTR0019,1112666.72,2025-09-08,1
TXN001089,PRJ00615,CTR0019,1207042.7,2025-11-09,2
TXN001090,PRJ00616,CTR0109,2934879.48,2026-08-13,1
TXN001091,PRJ00617,CTR0091,2849051.6,2026-06-14,1
TXN001092,PRJ00618,CTR0044,2454278.76,2026-01-11,1
TXN001093,PRJ00618,CTR0044,2804437.52,2026-01-21,2
TXN001094,PRJ00619,CTR0102,1481490.78,2025-11-16,1
TXN001095,PRJ00620,CTR0023,223446.32,2026-03-08,1
TXN001096,PRJ00620,CTR0023,220777.26,2026-03-05,2
TXN001097,PRJ00620,CTR0023,263613.1,2025-12-12,3
TXN001098,PRJ00621,CTR0101,145018.68,2025-06-10,1
TXN001099,PRJ00621,CTR0101,150546.15,2024-11-12,2
TXN001100,PRJ00621,CTR0101,155855.24,2025-04-16,3
TXN001101,PRJ00622,CTR0013,227962.66,2026-06-14,1
TXN001102,PRJ00622,CTR0013,242204.44,2026-07-29,2
TXN001103,PRJ00623,CTR0023,88694.35,2026-01-22,1
TXN001104,PRJ00624,CTR0109,279872.58,2025-04-27,1
TXN001105,PRJ00624,CTR0109,297738.01,2025-02-25,2
TXN001106,PRJ00625,CTR0078,40820.26,2025-09-08,1
TXN001107,PRJ00625,CTR0078,44652.99,2025-07-21,2
TXN001108,PRJ00625,CTR0078,45637.2,2025-11-26,3
TXN001109,PRJ00626,CTR0014,1350865.92,2026-05-04,1
TXN001110,PRJ00627,CTR0031,4264804.28,2025-10-23,1
TXN001111,PRJ00628,CTR0106,1113941.83,2025-12-22,1
TXN001112,PRJ00628,CTR0106,1344682.3,2026-03-18,2
TXN001113,PRJ00630,CTR0045,1386584.84,2026-05-22,1
TXN001114,PRJ00630,CTR0045,1494758.94,2025-09-30,2
TXN001115,PRJ00630,CTR0045,1573672.4,2025-11-29,3
TXN001116,PRJ00631,CTR0007,732546.95,2026-06-20,1
TXN001117,PRJ00631,CTR0007,847194.83,2026-04-20,2
TXN001118,PRJ00632,CTR0114,75795.84,2025-08-07,1
TXN001119,PRJ00632,CTR0114,84880.88,2024-10-13,2
TXN001120,PRJ00632,CTR0114,88271.14,2025-01-09,3
TXN001121,PRJ00633,CTR0049,949244.0,2026-08-10,1
TXN001122,PRJ00633,CTR0049,996018.13,2026-06-13,2
TXN001123,PRJ00633,CTR0049,1098610.33,2026-08-06,3
TXN001124,PRJ00634,CTR0006,70567.83,2025-10-05,1
TXN001125,PRJ00634,CTR0006,79626.21,2025-11-18,2
TXN001126,PRJ00635,CTR0014,1762601.97,2025-04-03,1
TXN001127,PRJ00636,CTR0094,158338.58,2025-03-07,1
TXN001128,PRJ00637,CTR0079,594253.46,2026-06-16,1
TXN001129,PRJ00637,CTR0079,691744.19,2026-05-01,2
TXN001130,PRJ00638,CTR0114,77260.17,2025-11-21,1
TXN001131,PRJ00638,CTR0114,72313.32,2026-05-03,2
TXN001132,PRJ00638,CTR0114,87602.83,2026-06-13,3
TXN001133,PRJ00639,CTR0027,1015755.64,2025-08-16,1
TXN001134,PRJ00639,CTR0027,1054293.93,2025-04-26,2
TXN001135,PRJ00640,CTR0093,1927799.62,2026-02-14,1
TXN001136,PRJ00641,CTR0039,847140.81,2025-08-02,1
TXN001137,PRJ00641,CTR0039,899592.93,2026-04-15,2
TXN001138,PRJ00642,CTR0071,228576.98,2025-12-21,1
TXN001139,PRJ00642,CTR0071,258640.07,2025-08-28,2
TXN001140,PRJ00642,CTR0071,265971.63,2025-12-04,3
TXN001141,PRJ00643,CTR0001,430182.21,2026-01-24,1
TXN001142,PRJ00643,CTR0001,423586.95,2025-12-24,2
TXN001143,PRJ00643,CTR0001,473638.1,2026-03-19,3
TXN001144,PRJ00644,CTR0062,1258350.91,2026-05-25,1
TXN001145,PRJ00645,CTR0082,143850.36,2024-11-28,1
TXN001146,PRJ00645,CTR0082,162656.28,2025-03-12,2
TXN001147,PRJ00646,CTR0061,1407655.08,2025-08-19,1
TXN001148,PRJ00646,CTR0061,1444099.2,2025-12-29,2
TXN001149,PRJ00647,CTR0083,284558.26,2025-07-31,1
TXN001150,PRJ00647,CTR0083,294834.32,2025-07-19,2
TXN001151,PRJ00647,CTR0083,352745.82,2025-02-21,3
TXN001152,PRJ00648,CTR0048,111385.84,2026-08-13,1
TXN001153,PRJ00648,CTR0048,113575.52,2026-04-14,2
TXN001154,PRJ00648,CTR0048,138296.1,2026-01-04,3
TXN001155,PRJ00649,CTR0060,1261280.42,2025-11-20,1
TXN001156,PRJ00650,CTR0020,2074098.64,2026-08-12,1
TXN001157,PRJ00651,CTR0086,5169181.82,2025-03-01,1
TXN001158,PRJ00652,CTR0030,225527.8,2026-07-26,1
TXN001159,PRJ00652,CTR0030,249231.0,2026-08-17,2
TXN001160,PRJ00652,CTR0030,266120.99,2026-08-04,3
TXN001161,PRJ00653,CTR0069,703980.57,2024-12-22,1
TXN001162,PRJ00653,CTR0069,764200.29,2025-01-25,2
TXN001163,PRJ00654,CTR0061,169090.67,2025-04-15,1
TXN001164,PRJ00654,CTR0061,177387.72,2025-07-29,2
TXN001165,PRJ00654,CTR0061,207197.43,2025-08-15,3
TXN001166,PRJ00655,CTR0065,499541.28,2025-07-18,1
TXN001167,PRJ00655,CTR0065,485640.86,2026-03-17,2
TXN001168,PRJ00655,CTR0065,521737.68,2025-12-07,3
TXN001169,PRJ00656,CTR0019,807261.63,2026-05-07,1
TXN001170,PRJ00657,CTR0028,166267.71,2025-03-06,1
TXN001171,PRJ00658,CTR0011,1348124.95,2024-09-05,1
TXN001172,PRJ00659,CTR0107,80724.98,2025-12-12,1
TXN001173,PRJ00659,CTR0107,81213.16,2025-05-21,2
TXN001174,PRJ00659,CTR0107,98312.67,2025-11-27,3
TXN001175,PRJ00660,CTR0012,876443.34,2026-05-03,1
TXN001176,PRJ00660,CTR0012,915388.52,2026-06-24,2
TXN001177,PRJ00661,CTR0110,1327477.17,2025-02-06,1
TXN001178,PRJ00661,CTR0110,1500567.0,2025-05-10,2
TXN001179,PRJ00662,CTR0076,632255.88,2026-01-16,1
TXN001180,PRJ00662,CTR0076,687698.2,2025-02-07,2
TXN001181,PRJ00663,CTR0020,537227.5,2025-12-24,1
TXN001182,PRJ00663,CTR0020,592898.16,2026-02-28,2
TXN001183,PRJ00664,CTR0119,683107.05,2026-06-13,1
TXN001184,PRJ00664,CTR0119,779632.09,2026-07-10,2
TXN001185,PRJ00664,CTR0119,808234.63,2026-06-29,3
TXN001186,PRJ00666,CTR0084,1588650.1,2024-12-31,1
TXN001187,PRJ00667,CTR0019,1338520.18,2025-02-11,1
TXN001188,PRJ00668,CTR0005,695146.89,2026-05-10,1
TXN001189,PRJ00668,CTR0005,786552.72,2026-07-01,2
TXN001190,PRJ00669,CTR0007,247103.5,2026-04-09,1
TXN001191,PRJ00669,CTR0007,265017.42,2026-04-17,2
TXN001192,PRJ00669,CTR0007,273277.51,2026-05-16,3
TXN001193,PRJ00670,CTR0044,375845.19,2026-07-28,1
TXN001194,PRJ00670,CTR0044,438470.85,2026-07-02,2
TXN001195,PRJ00671,CTR0108,369961.71,2026-06-11,1
TXN001196,PRJ00671,CTR0108,384366.77,2025-11-20,2
TXN001197,PRJ00673,CTR0009,434207.44,2026-06-22,1
TXN001198,PRJ00673,CTR0009,423631.47,2025-11-23,2
TXN001199,PRJ00673,CTR0009,482909.53,2025-09-27,3
TXN001200,PRJ00674,CTR0025,1878654.0,2026-04-13,1
TXN001201,PRJ00674,CTR0025,2096953.14,2026-05-26,2
TXN001202,PRJ00675,CTR0098,267674.62,2024-09-12,1
TXN001203,PRJ00676,CTR0102,197465.73,2026-03-01,1
TXN001204,PRJ00676,CTR0102,186080.09,2026-04-24,2
TXN001205,PRJ00676,CTR0102,217283.07,2026-04-29,3
TXN001206,PRJ00677,CTR0052,612281.44,2024-12-26,1
TXN001207,PRJ00677,CTR0052,716586.23,2024-11-16,2
TXN001208,PRJ00678,CTR0023,3199892.86,2026-04-11,1
TXN001209,PRJ00679,CTR0005,106628.75,2026-05-02,1
TXN001210,PRJ00679,CTR0005,107236.28,2026-07-01,2
TXN001211,PRJ00679,CTR0005,113548.81,2026-02-20,3
TXN001212,PRJ00680,CTR0036,239910.54,2026-06-20,1
TXN001213,PRJ00680,CTR0036,241538.89,2025-10-24,2
TXN001214,PRJ00681,CTR0088,868590.12,2025-06-25,1
TXN001215,PRJ00681,CTR0088,1022493.08,2025-06-29,2
TXN001216,PRJ00682,CTR0058,1092659.87,2025-10-09,1
TXN001217,PRJ00683,CTR0045,814090.39,2026-07-23,1
TXN001218,PRJ00683,CTR0045,860087.31,2026-06-23,2
TXN001219,PRJ00683,CTR0045,904872.3,2026-07-06,3
TXN001220,PRJ00685,CTR0100,391304.93,2026-01-31,1
TXN001221,PRJ00685,CTR0100,476491.68,2026-05-10,2
TXN001222,PRJ00686,CTR0087,776296.61,2024-07-30,1
TXN001223,PRJ00687,CTR0003,1329752.29,2026-07-30,1
TXN001224,PRJ00688,CTR0117,245591.19,2026-07-14,1
TXN001225,PRJ00688,CTR0117,252975.56,2026-05-15,2
TXN001226,PRJ00689,CTR0029,1951426.17,2026-07-22,1
TXN001227,PRJ00689,CTR0029,2077132.16,2026-04-24,2
TXN001228,PRJ00690,CTR0055,387115.15,2026-05-18,1
TXN001229,PRJ00690,CTR0055,419655.76,2025-06-30,2
TXN001230,PRJ00690,CTR0055,478466.62,2025-11-27,3
TXN001231,PRJ00691,CTR0007,3459656.22,2025-06-02,1
TXN001232,PRJ00692,CTR0051,321848.15,2025-05-19,1
TXN001233,PRJ00693,CTR0072,406625.56,2026-07-26,1
TXN001234,PRJ00693,CTR0072,454314.96,2026-07-24,2
TXN001235,PRJ00693,CTR0072,455072.2,2026-08-10,3
TXN001236,PRJ00694,CTR0088,326318.27,2026-01-04,1
TXN001237,PRJ00694,CTR0088,331232.49,2026-08-20,2
TXN001238,PRJ00695,CTR0021,248264.75,2026-02-10,1
TXN001239,PRJ00695,CTR0021,230576.78,2025-11-05,2
TXN001240,PRJ00695,CTR0021,269885.25,2025-12-24,3
TXN001241,PRJ00696,CTR0025,425753.57,2024-11-15,1
TXN001242,PRJ00696,CTR0025,416664.68,2025-01-16,2
TXN001243,PRJ00696,CTR0025,436629.56,2024-11-13,3
TXN001244,PRJ00697,CTR0052,329510.5,2026-04-07,1
TXN001245,PRJ00697,CTR0052,340608.06,2025-12-28,2
TXN001246,PRJ00697,CTR0052,379124.57,2026-06-25,3
TXN001247,PRJ00698,CTR0084,793571.37,2026-05-29,1
TXN001248,PRJ00698,CTR0084,814468.7,2026-04-06,2
TXN001249,PRJ00698,CTR0084,924874.52,2026-06-17,3
TXN001250,PRJ00699,CTR0052,414834.91,2025-03-26,1
TXN001251,PRJ00699,CTR0052,409026.41,2024-09-30,2
TXN001252,PRJ00699,CTR0052,428421.72,2024-11-17,3
TXN001253,PRJ00700,CTR0105,1082257.27,2025-10-23,1
TXN001254,PRJ00701,CTR0010,869786.17,2025-10-05,1
TXN001255,PRJ00701,CTR0010,1058783.76,2026-01-16,2
TXN001256,PRJ00702,CTR0095,110846.89,2025-04-12,1
TXN001257,PRJ00703,CTR0088,80755.02,2026-05-26,1
TXN001258,PRJ00703,CTR0088,86513.48,2026-08-14,2
TXN001259,PRJ00703,CTR0088,94228.46,2026-06-20,3
TXN001260,PRJ00704,CTR0046,413148.87,2026-07-13,1
TXN001261,PRJ00705,CTR0048,450352.1,2026-07-14,1
TXN001262,PRJ00705,CTR0048,456669.39,2026-03-11,2
TXN001263,PRJ00706,CTR0061,406281.45,2025-04-09,1
TXN001264,PRJ00706,CTR0061,483628.67,2025-02-23,2
TXN001265,PRJ00707,CTR0080,392009.5,2025-04-29,1
TXN001266,PRJ00707,CTR0080,389477.16,2025-08-03,2
TXN001267,PRJ00707,CTR0080,419808.24,2025-02-08,3
TXN001268,PRJ00708,CTR0112,1394965.74,2026-08-23,1
TXN001269,PRJ00708,CTR0112,1666483.94,2026-08-03,2
TXN001270,PRJ00709,CTR0007,196804.77,2026-03-19,1
TXN001271,PRJ00709,CTR0007,205770.03,2025-12-07,2
TXN001272,PRJ00710,CTR0044,97571.73,2025-11-13,1
TXN001273,PRJ00710,CTR0044,97139.87,2025-10-02,2
TXN001274,PRJ00710,CTR0044,110326.2,2026-01-21,3
TXN001275,PRJ00711,CTR0041,173377.56,2026-07-13,1
TXN001276,PRJ00712,CTR0063,4999616.03,2025-06-01,1
TXN001277,PRJ00714,CTR0063,37194.87,2025-12-16,1
TXN001278,PRJ00714,CTR0063,41180.56,2025-12-09,2
TXN001279,PRJ00714,CTR0063,42933.15,2026-01-02,3
TXN001280,PRJ00715,CTR0056,1083112.93,2026-07-24,1
TXN001281,PRJ00717,CTR0002,163076.91,2025-08-01,1
TXN001282,PRJ00717,CTR0002,169858.12,2025-04-27,2
TXN001283,PRJ00717,CTR0002,173448.67,2026-03-18,3
TXN001284,PRJ00719,CTR0089,170096.59,2025-08-14,1
TXN001285,PRJ00719,CTR0089,192609.14,2025-11-11,2
TXN001286,PRJ00719,CTR0089,196892.93,2026-05-16,3
TXN001287,PRJ00720,CTR0050,468946.44,2026-03-11,1
TXN001288,PRJ00720,CTR0050,482090.48,2025-08-02,2
TXN001289,PRJ00720,CTR0050,482901.63,2026-01-11,3
TXN001290,PRJ00721,CTR0039,3053809.16,2025-11-24,1
TXN001291,PRJ00722,CTR0077,1228119.28,2026-05-01,1
TXN001292,PRJ00723,CTR0044,52407.11,2026-01-18,1
TXN001293,PRJ00723,CTR0044,54025.18,2026-04-07,2
TXN001294,PRJ00724,CTR0022,106727.68,2026-08-03,1
TXN001295,PRJ00724,CTR0022,114774.69,2026-06-21,2
TXN001296,PRJ00724,CTR0022,115398.59,2026-07-28,3
TXN001297,PRJ00725,CTR0029,213461.4,2026-07-24,1
TXN001298,PRJ00725,CTR0029,197828.39,2026-07-30,2
TXN001299,PRJ00725,CTR0029,237987.65,2026-07-14,3
TXN001300,PRJ00726,CTR0076,1151905.94,2026-02-10,1
TXN001301,PRJ00726,CTR0076,1248660.75,2026-03-14,2
TXN001302,PRJ00726,CTR0076,1374135.45,2026-01-24,3
TXN001303,PRJ00727,CTR0049,1301855.37,2025-04-03,1
TXN001304,PRJ00728,CTR0084,1908462.12,2025-02-23,1
TXN001305,PRJ00728,CTR0084,2330197.99,2024-11-26,2
TXN001306,PRJ00729,CTR0054,2722608.33,2025-08-07,1
TXN001307,PRJ00730,CTR0061,401750.58,2025-08-09,1
TXN001308,PRJ00730,CTR0061,433936.76,2025-07-31,2
TXN001309,PRJ00730,CTR0061,477998.1,2025-07-10,3
TXN001310,PRJ00731,CTR0039,1019827.17,2026-03-19,1
TXN001311,PRJ00731,CTR0039,981648.03,2026-05-09,2
TXN001312,PRJ00731,CTR0039,1185783.74,2026-07-10,3
TXN001313,PRJ00732,CTR0035,1235732.59,2025-10-29,1
TXN001314,PRJ00733,CTR0107,576686.0,2026-07-07,1
TXN001315,PRJ00733,CTR0107,647326.66,2026-06-13,2
TXN001316,PRJ00734,CTR0016,501642.44,2025-07-15,1
TXN001317,PRJ00736,CTR0046,71749.88,2026-05-07,1
TXN001318,PRJ00736,CTR0046,82080.92,2026-06-22,2
TXN001319,PRJ00736,CTR0046,83885.26,2025-11-19,3
TXN001320,PRJ00737,CTR0071,945268.61,2026-06-11,1
TXN001321,PRJ00737,CTR0071,956265.38,2026-07-07,2
TXN001322,PRJ00737,CTR0071,1149055.84,2026-06-11,3
TXN001323,PRJ00738,CTR0043,377195.87,2025-06-28,1
TXN001324,PRJ00738,CTR0043,381829.98,2026-02-09,2
TXN001325,PRJ00738,CTR0043,404009.47,2026-04-09,3
TXN001326,PRJ00740,CTR0020,940987.68,2025-08-16,1
TXN001327,PRJ00742,CTR0034,1165085.67,2025-02-20,1
TXN001328,PRJ00743,CTR0110,562258.56,2025-06-21,1
TXN001329,PRJ00743,CTR0110,637481.4,2025-11-27,2
TXN001330,PRJ00744,CTR0095,1190156.33,2026-07-28,1
TXN001331,PRJ00745,CTR0085,77972.42,2026-05-08,1
TXN001332,PRJ00745,CTR0085,76997.73,2025-08-17,2
TXN001333,PRJ00745,CTR0085,94103.76,2025-06-24,3
TXN001334,PRJ00746,CTR0080,584977.67,2025-12-29,1
TXN001335,PRJ00747,CTR0105,1360400.16,2025-08-07,1
TXN001336,PRJ00747,CTR0105,1385611.41,2026-02-22,2
TXN001337,PRJ00748,CTR0015,502383.87,2026-08-21,1
TXN001338,PRJ00748,CTR0015,560694.13,2026-05-14,2
TXN001339,PRJ00749,CTR0103,382791.27,2025-04-04,1
TXN001340,PRJ00749,CTR0103,448277.15,2025-09-09,2
TXN001341,PRJ00750,CTR0090,44532.96,2026-01-16,1
TXN001342,PRJ00750,CTR0090,51465.67,2025-10-04,2
TXN001343,PRJ00751,CTR0117,684329.3,2025-02-02,1
TXN001344,PRJ00751,CTR0117,739267.2,2024-08-14,2
TXN001345,PRJ00752,CTR0024,242349.47,2026-08-28,1
TXN001346,PRJ00752,CTR0024,259364.68,2026-08-10,2
TXN001347,PRJ00752,CTR0024,268055.01,2026-07-28,3
TXN001348,PRJ00753,CTR0111,1092073.68,2025-06-09,1
TXN001349,PRJ00753,CTR0111,1128526.09,2025-07-09,2
TXN001350,PRJ00753,CTR0111,1378440.13,2025-04-24,3
TXN001351,PRJ00754,CTR0118,94528.03,2026-06-13,1
TXN001352,PRJ00754,CTR0118,101134.13,2026-06-30,2
TXN001353,PRJ00754,CTR0118,103704.75,2026-08-14,3
TXN001354,PRJ00755,CTR0009,1455460.54,2025-01-03,1
TXN001355,PRJ00755,CTR0009,1759641.93,2025-09-13,2
TXN001356,PRJ00756,CTR0099,2746726.31,2025-04-05,1
TXN001357,PRJ00757,CTR0086,781959.56,2025-10-11,1
TXN001358,PRJ00758,CTR0013,190236.07,2025-10-19,1
TXN001359,PRJ00759,CTR0012,451770.37,2025-06-23,1
TXN001360,PRJ00760,CTR0108,119200.63,2026-02-05,1
TXN001361,PRJ00761,CTR0065,144309.42,2026-02-12,1
TXN001362,PRJ00762,CTR0097,997622.94,2025-07-13,1
TXN001363,PRJ00762,CTR0097,1008482.48,2025-01-30,2
TXN001364,PRJ00762,CTR0097,1140166.63,2024-12-27,3
TXN001365,PRJ00763,CTR0007,182294.15,2026-02-11,1
TXN001366,PRJ00763,CTR0007,196421.87,2026-01-13,2
TXN001367,PRJ00763,CTR0007,206217.9,2025-07-28,3
TXN001368,PRJ00764,CTR0052,345546.09,2026-07-20,1
TXN001369,PRJ00764,CTR0052,375236.09,2026-07-13,2
TXN001370,PRJ00765,CTR0103,78878.33,2026-07-22,1
TXN001371,PRJ00765,CTR0103,80783.89,2026-08-07,2
TXN001372,PRJ00765,CTR0103,88123.66,2026-06-24,3
TXN001373,PRJ00766,CTR0041,302886.14,2025-12-08,1
TXN001374,PRJ00766,CTR0041,285193.95,2026-08-21,2
TXN001375,PRJ00766,CTR0041,343913.04,2026-08-15,3
TXN001376,PRJ00767,CTR0014,661198.39,2026-03-08,1
TXN001377,PRJ00767,CTR0014,701872.64,2026-03-21,2
TXN001378,PRJ00767,CTR0014,826222.12,2026-07-07,3
TXN001379,PRJ00768,CTR0001,1705049.39,2026-08-16,1
TXN001380,PRJ00770,CTR0044,209286.67,2026-02-21,1
TXN001381,PRJ00770,CTR0044,212429.85,2026-02-09,2
TXN001382,PRJ00770,CTR0044,229979.08,2026-08-02,3
TXN001383,PRJ00771,CTR0043,391008.14,2026-08-28,1
TXN001384,PRJ00772,CTR0092,901531.62,2026-08-15,1
TXN001385,PRJ00773,CTR0013,513743.63,2025-01-06,1
TXN001386,PRJ00773,CTR0013,514492.24,2025-07-29,2
TXN001387,PRJ00773,CTR0013,624594.29,2025-03-08,3
TXN001388,PRJ00774,CTR0046,3922854.47,2025-01-04,1
TXN001389,PRJ00775,CTR0048,496254.36,2025-05-16,1
TXN001390,PRJ00775,CTR0048,551678.44,2024-08-18,2
TXN001391,PRJ00776,CTR0018,597977.75,2025-12-11,1
TXN001392,PRJ00777,CTR0014,297086.73,2026-08-09,1
TXN001393,PRJ00777,CTR0014,283523.48,2025-11-17,2
TXN001394,PRJ00777,CTR0014,319879.21,2026-01-13,3
TXN001395,PRJ00778,CTR0120,721190.26,2025-08-09,1
TXN001396,PRJ00778,CTR0120,824287.2,2026-01-24,2
TXN001397,PRJ00779,CTR0092,168563.91,2026-07-08,1
TXN001398,PRJ00780,CTR0016,117080.49,2025-08-25,1
TXN001399,PRJ00780,CTR0016,115216.41,2026-05-30,2
TXN001400,PRJ00780,CTR0016,123725.91,2026-05-29,3
TXN001401,PRJ00781,CTR0065,77098.03,2025-08-19,1
TXN001402,PRJ00781,CTR0065,77864.54,2025-03-17,2
TXN001403,PRJ00781,CTR0065,78996.92,2025-05-23,3
TXN001404,PRJ00782,CTR0095,802601.61,2025-05-24,1
TXN001405,PRJ00782,CTR0095,978171.66,2025-08-23,2
TXN001406,PRJ00783,CTR0119,70447.35,2026-03-14,1
TXN001407,PRJ00783,CTR0119,74231.3,2026-01-20,2
TXN001408,PRJ00783,CTR0119,87544.77,2026-08-08,3
TXN001409,PRJ00784,CTR0023,110638.4,2025-12-16,1
TXN001410,PRJ00784,CTR0023,117980.16,2026-02-22,2
TXN001411,PRJ00784,CTR0023,139839.45,2026-02-15,3
TXN001412,PRJ00785,CTR0085,894589.11,2025-05-22,1
TXN001413,PRJ00785,CTR0085,958732.36,2024-09-04,2
TXN001414,PRJ00786,CTR0054,2148143.94,2026-08-23,1
TXN001415,PRJ00787,CTR0036,197970.43,2026-07-29,1
TXN001416,PRJ00787,CTR0036,202867.37,2026-05-22,2
TXN001417,PRJ00788,CTR0104,405724.99,2026-04-07,1
TXN001418,PRJ00788,CTR0104,462620.09,2025-08-15,2
TXN001419,PRJ00789,CTR0039,1501469.73,2025-07-30,1
TXN001420,PRJ00789,CTR0039,1638789.64,2026-06-16,2
TXN001421,PRJ00790,CTR0081,2855854.72,2024-10-27,1
TXN001422,PRJ00791,CTR0088,1136423.75,2025-03-07,1
TXN001423,PRJ00792,CTR0065,90462.81,2026-04-14,1
TXN001424,PRJ00793,CTR0098,3923068.22,2025-08-20,1
TXN001425,PRJ00794,CTR0086,1357341.92,2026-06-01,1
TXN001426,PRJ00795,CTR0037,589419.37,2025-04-04,1
TXN001427,PRJ00795,CTR0037,687467.15,2026-01-24,2
TXN001428,PRJ00797,CTR0026,2459956.43,2026-08-27,1
TXN001429,PRJ00798,CTR0019,919784.24,2026-07-29,1
TXN001430,PRJ00798,CTR0019,955429.59,2026-08-23,2
TXN001431,PRJ00799,CTR0097,165407.11,2026-04-10,1
TXN001432,PRJ00799,CTR0097,186154.61,2026-03-27,2
TXN001433,PRJ00800,CTR0079,2560203.21,2026-01-06,1
TXN001434,PRJ00802,CTR0119,718636.97,2025-03-02,1
TXN001435,PRJ00802,CTR0119,692630.58,2024-11-17,2
TXN001436,PRJ00802,CTR0119,794224.87,2024-08-23,3
TXN001437,PRJ00804,CTR0080,110303.25,2025-12-22,1
TXN001438,PRJ00804,CTR0080,107490.05,2026-05-08,2
TXN001439,PRJ00804,CTR0080,127508.8,2026-05-17,3
TXN001440,PRJ00805,CTR0097,2816790.73,2026-08-24,1
TXN001441,PRJ00806,CTR0100,782647.93,2025-10-01,1
TXN001442,PRJ00807,CTR0023,369400.83,2026-08-16,1
TXN001443,PRJ00809,CTR0036,2085698.28,2026-08-28,1
TXN001444,PRJ00810,CTR0109,365096.78,2026-02-16,1
TXN001445,PRJ00810,CTR0109,379438.7,2025-10-10,2
TXN001446,PRJ00811,CTR0006,60854.01,2025-11-20,1
TXN001447,PRJ00811,CTR0006,56145.37,2026-01-24,2
TXN001448,PRJ00811,CTR0006,65874.54,2025-08-28,3
TXN001449,PRJ00812,CTR0100,1022129.74,2025-05-27,1
TXN001450,PRJ00812,CTR0100,1026535.51,2025-05-15,2
TXN001451,PRJ00813,CTR0063,236356.05,2026-04-14,1
TXN001452,PRJ00813,CTR0063,224893.2,2026-05-15,2
TXN001453,PRJ00813,CTR0063,273095.32,2026-06-13,3
TXN001454,PRJ00814,CTR0101,1230187.42,2025-10-29,1
TXN001455,PRJ00814,CTR0101,1382577.15,2025-04-05,2
TXN001456,PRJ00815,CTR0017,84315.07,2025-03-06,1
TXN001457,PRJ00815,CTR0017,98555.64,2025-05-28,2
TXN001458,PRJ00816,CTR0012,2163894.64,2026-08-16,1
TXN001459,PRJ00817,CTR0043,715309.27,2025-10-16,1
TXN001460,PRJ00817,CTR0043,740359.58,2026-01-04,2
TXN001461,PRJ00818,CTR0068,609720.6,2024-10-05,1
TXN001462,PRJ00818,CTR0068,644743.19,2024-09-06,2
TXN001463,PRJ00819,CTR0015,3870974.38,2026-08-21,1
TXN001464,PRJ00820,CTR0118,311619.62,2026-07-22,1
TXN001465,PRJ00820,CTR0118,308339.22,2026-04-05,2
TXN001466,PRJ00820,CTR0118,352074.74,2025-09-29,3
TXN001467,PRJ00821,CTR0049,708541.17,2025-09-01,1
TXN001468,PRJ00821,CTR0049,739349.12,2025-04-20,2
TXN001469,PRJ00821,CTR0049,847301.99,2025-05-27,3
TXN001470,PRJ00822,CTR0070,161254.16,2026-01-27,1
TXN001471,PRJ00822,CTR0070,195670.7,2025-11-05,2
TXN001472,PRJ00823,CTR0066,440500.19,2025-07-18,1
TXN001473,PRJ00823,CTR0066,460869.3,2026-01-06,2
TXN001474,PRJ00823,CTR0066,551748.23,2025-06-18,3
TXN001475,PRJ00824,CTR0038,515018.04,2026-03-18,1
TXN001476,PRJ00824,CTR0038,540965.41,2026-04-25,2
TXN001477,PRJ00825,CTR0011,272950.93,2025-10-06,1
TXN001478,PRJ00825,CTR0011,278985.44,2025-01-27,2
TXN001479,PRJ00827,CTR0111,101260.3,2025-01-10,1
TXN001480,PRJ00827,CTR0111,102432.85,2025-02-21,2
TXN001481,PRJ00827,CTR0111,105620.58,2025-03-24,3
TXN001482,PRJ00828,CTR0107,476439.0,2026-08-29,1
TXN001483,PRJ00828,CTR0107,440293.51,2026-08-29,2
TXN001484,PRJ00828,CTR0107,513513.92,2026-08-29,3
TXN001485,PRJ00829,CTR0083,268357.52,2026-06-14,1
TXN001486,PRJ00829,CTR0083,256798.7,2026-04-13,2
TXN001487,PRJ00829,CTR0083,311374.46,2026-04-27,3
TXN001488,PRJ00830,CTR0004,42331.74,2026-07-14,1
TXN001489,PRJ00830,CTR0004,42647.42,2026-05-19,2
TXN001490,PRJ00830,CTR0004,46634.48,2026-07-04,3
TXN001491,PRJ00831,CTR0010,787235.49,2025-07-20,1
TXN001492,PRJ00831,CTR0010,766340.21,2025-12-16,2
TXN001493,PRJ00831,CTR0010,826067.86,2025-12-17,3
TXN001494,PRJ00832,CTR0074,338898.13,2026-08-09,1
TXN001495,PRJ00832,CTR0074,342380.97,2026-08-13,2
TXN001496,PRJ00832,CTR0074,386757.96,2026-05-16,3
TXN001497,PRJ00833,CTR0058,313091.66,2025-07-06,1
TXN001498,PRJ00833,CTR0058,342372.49,2025-11-25,2
TXN001499,PRJ00833,CTR0058,356662.02,2025-09-13,3
TXN001500,PRJ00834,CTR0050,1177148.53,2026-05-27,1
TXN001501,PRJ00834,CTR0050,1302089.75,2026-01-11,2
TXN001502,PRJ00834,CTR0050,1346071.31,2026-02-05,3
TXN001503,PRJ00835,CTR0009,284954.33,2026-06-15,1
TXN001504,PRJ00836,CTR0046,898017.64,2026-08-11,1
TXN001505,PRJ00836,CTR0046,899118.87,2026-04-30,2
TXN001506,PRJ00836,CTR0046,1071420.32,2026-04-15,3
TXN001507,PRJ00837,CTR0078,1727387.22,2025-06-14,1
TXN001508,PRJ00838,CTR0106,245028.66,2025-05-03,1
TXN001509,PRJ00838,CTR0106,273132.05,2024-12-06,2
TXN001510,PRJ00839,CTR0008,231292.18,2025-05-10,1
TXN001511,PRJ00839,CTR0008,254966.08,2025-04-17,2
TXN001512,PRJ00840,CTR0082,1543901.73,2026-05-27,1
TXN001513,PRJ00841,CTR0002,1524748.64,2026-08-15,1
TXN001514,PRJ00843,CTR0071,977677.1,2026-05-29,1
TXN001515,PRJ00843,CTR0071,1037684.4,2026-06-11,2
TXN001516,PRJ00843,CTR0071,1095801.98,2026-04-20,3
TXN001517,PRJ00844,CTR0028,393287.97,2025-11-01,1
TXN001518,PRJ00844,CTR0028,416211.23,2025-12-17,2
TXN001519,PRJ00844,CTR0028,447293.17,2026-05-05,3
TXN001520,PRJ00845,CTR0021,133935.99,2026-05-28,1
TXN001521,PRJ00845,CTR0021,137334.97,2026-05-25,2
TXN001522,PRJ00846,CTR0015,116514.64,2025-02-16,1
TXN001523,PRJ00846,CTR0015,111128.72,2025-10-03,2
TXN001524,PRJ00846,CTR0015,135315.48,2025-01-18,3
TXN001525,PRJ00847,CTR0060,1100956.3,2025-10-14,1
TXN001526,PRJ00848,CTR0033,258451.25,2025-10-08,1
TXN001527,PRJ00848,CTR0033,248185.68,2025-03-16,2
TXN001528,PRJ00848,CTR0033,291262.72,2025-07-06,3
TXN001529,PRJ00849,CTR0043,368862.12,2026-02-19,1
TXN001530,PRJ00849,CTR0043,435451.24,2026-02-24,2
TXN001531,PRJ00850,CTR0013,108955.76,2025-11-18,1
TXN001532,PRJ00850,CTR0013,121329.42,2025-11-04,2
TXN001533,PRJ00850,CTR0013,126571.24,2025-09-16,3
TXN001534,PRJ00851,CTR0063,855321.27,2026-08-24,1
TXN001535,PRJ00851,CTR0063,844199.33,2026-03-27,2
TXN001536,PRJ00851,CTR0063,965210.13,2026-06-14,3
TXN001537,PRJ00852,CTR0089,1535106.65,2026-08-12,1
TXN001538,PRJ00853,CTR0011,2312344.29,2026-07-04,1
TXN001539,PRJ00854,CTR0032,721148.79,2025-10-15,1
TXN001540,PRJ00854,CTR0032,777729.04,2026-01-12,2
TXN001541,PRJ00855,CTR0036,327937.78,2025-07-10,1
TXN001542,PRJ00855,CTR0036,393498.69,2025-07-28,2
TXN001543,PRJ00856,CTR0016,2257511.47,2026-03-09,1
TXN001544,PRJ00856,CTR0016,2273355.17,2026-01-12,2
TXN001545,PRJ00857,CTR0063,524327.21,2026-07-24,1
TXN001546,PRJ00857,CTR0063,574245.43,2026-08-03,2
TXN001547,PRJ00858,CTR0011,563618.98,2026-02-23,1
TXN001548,PRJ00858,CTR0011,662474.08,2026-04-28,2
TXN001549,PRJ00859,CTR0034,267530.76,2026-07-10,1
TXN001550,PRJ00859,CTR0034,305917.32,2026-02-24,2
TXN001551,PRJ00861,CTR0105,4147531.33,2026-07-13,1
TXN001552,PRJ00862,CTR0028,261744.7,2026-08-13,1
TXN001553,PRJ00862,CTR0028,284659.83,2026-07-14,2
TXN001554,PRJ00863,CTR0018,264252.21,2025-05-12,1
TXN001555,PRJ00863,CTR0018,273314.69,2025-08-25,2
TXN001556,PRJ00864,CTR0029,547593.92,2025-04-24,1
TXN001557,PRJ00864,CTR0029,575548.24,2025-02-02,2
TXN001558,PRJ00864,CTR0029,659775.68,2025-11-02,3
TXN001559,PRJ00865,CTR0018,1130746.82,2026-04-27,1
TXN001560,PRJ00866,CTR0047,577142.62,2025-09-22,1
TXN001561,PRJ00866,CTR0047,537544.81,2025-06-03,2
TXN001562,PRJ00866,CTR0047,654363.57,2024-12-11,3
TXN001563,PRJ00867,CTR0088,178191.73,2026-06-16,1
TXN001564,PRJ00867,CTR0088,205222.16,2026-04-29,2
TXN001565,PRJ00867,CTR0088,207898.45,2026-07-09,3
TXN001566,PRJ00868,CTR0021,210688.2,2025-11-28,1
TXN001567,PRJ00869,CTR0095,68760.52,2026-01-11,1
TXN001568,PRJ00869,CTR0095,70524.09,2026-06-10,2
TXN001569,PRJ00870,CTR0098,108682.07,2025-04-20,1
TXN001570,PRJ00870,CTR0098,113411.57,2025-06-20,2
TXN001571,PRJ00870,CTR0098,114727.15,2024-08-19,3
TXN001572,PRJ00871,CTR0030,450270.47,2026-01-04,1
TXN001573,PRJ00871,CTR0030,500561.61,2025-11-30,2
TXN001574,PRJ00872,CTR0050,1912753.65,2026-06-12,1
TXN001575,PRJ00873,CTR0084,390026.43,2025-01-30,1
TXN001576,PRJ00873,CTR0084,427529.21,2024-09-18,2
TXN001577,PRJ00873,CTR0084,429306.12,2025-08-09,3
TXN001578,PRJ00874,CTR0107,157795.6,2025-05-19,1
TXN001579,PRJ00874,CTR0107,167872.54,2025-02-05,2
TXN001580,PRJ00874,CTR0107,173672.56,2025-03-04,3
TXN001581,PRJ00875,CTR0023,814925.98,2026-02-16,1
TXN001582,PRJ00876,CTR0021,432614.87,2025-05-01,1
TXN001583,PRJ00877,CTR0049,217644.8,2026-07-05,1
TXN001584,PRJ00877,CTR0049,200483.87,2025-11-17,2
TXN001585,PRJ00877,CTR0049,239704.66,2026-02-27,3
TXN001586,PRJ00878,CTR0046,217952.34,2025-12-04,1
TXN001587,PRJ00878,CTR0046,228902.21,2025-10-27,2
TXN001588,PRJ00878,CTR0046,271775.67,2025-04-09,3
TXN001589,PRJ00879,CTR0020,140686.27,2026-06-11,1
TXN001590,PRJ00879,CTR0020,148108.43,2026-08-23,2
TXN001591,PRJ00879,CTR0020,164223.54,2026-07-29,3
TXN001592,PRJ00880,CTR0030,89389.71,2025-02-20,1
TXN001593,PRJ00881,CTR0024,117470.2,2026-07-17,1
TXN001594,PRJ00881,CTR0024,142261.99,2026-08-04,2
TXN001595,PRJ00882,CTR0085,2108206.69,2024-09-25,1
TXN001596,PRJ00882,CTR0085,2185218.99,2025-08-31,2
TXN001597,PRJ00883,CTR0062,1062363.89,2026-05-20,1
TXN001598,PRJ00883,CTR0062,1232509.41,2026-07-26,2
TXN001599,PRJ00884,CTR0021,120027.65,2025-11-04,1
TXN001600,PRJ00884,CTR0021,139893.79,2025-03-15,2
TXN001601,PRJ00885,CTR0006,292706.62,2026-08-23,1
TXN001602,PRJ00886,CTR0081,176992.1,2026-04-20,1
TXN001603,PRJ00887,CTR0022,1985700.07,2025-05-19,1
TXN001604,PRJ00887,CTR0022,2004279.07,2026-01-30,2
TXN001605,PRJ00888,CTR0077,217976.8,2026-01-11,1
TXN001606,PRJ00888,CTR0077,215853.8,2026-04-10,2
TXN001607,PRJ00888,CTR0077,252198.32,2025-09-21,3
TXN001608,PRJ00889,CTR0011,177708.95,2025-11-07,1
TXN001609,PRJ00889,CTR0011,189342.48,2025-08-12,2
TXN001610,PRJ00889,CTR0011,191030.52,2025-10-17,3
TXN001611,PRJ00890,CTR0022,364471.58,2024-11-04,1
TXN001612,PRJ00891,CTR0080,142056.97,2025-08-26,1
TXN001613,PRJ00891,CTR0080,159740.25,2025-12-05,2
TXN001614,PRJ00892,CTR0119,2338483.89,2025-11-25,1
TXN001615,PRJ00893,CTR0049,115876.45,2026-06-25,1
TXN001616,PRJ00893,CTR0049,122747.3,2026-04-10,2
TXN001617,PRJ00894,CTR0067,387848.09,2026-06-19,1
TXN001618,PRJ00894,CTR0067,412334.31,2026-08-10,2
TXN001619,PRJ00895,CTR0106,696765.7,2025-06-05,1
TXN001620,PRJ00895,CTR0106,730739.75,2025-11-24,2
TXN001621,PRJ00895,CTR0106,832261.33,2025-02-12,3
TXN001622,PRJ00896,CTR0020,548963.13,2025-11-14,1
TXN001623,PRJ00896,CTR0020,569044.55,2026-07-28,2
TXN001624,PRJ00896,CTR0020,603663.38,2026-02-20,3
TXN001625,PRJ00897,CTR0012,1117385.57,2025-12-31,1
TXN001626,PRJ00897,CTR0012,1149959.1,2025-07-13,2
TXN001627,PRJ00897,CTR0012,1265669.8,2025-08-17,3
TXN001628,PRJ00900,CTR0045,2142963.65,2026-07-02,1
TXN001629,PRJ00901,CTR0013,222089.25,2026-06-07,1
TXN001630,PRJ00901,CTR0013,240378.79,2025-08-19,2
TXN001631,PRJ00901,CTR0013,269140.92,2026-05-24,3
TXN001632,PRJ00902,CTR0117,58315.13,2025-08-16,1
TXN001633,PRJ00902,CTR0117,61778.77,2026-06-16,2
TXN001634,PRJ00902,CTR0117,66475.71,2026-06-19,3
TXN001635,PRJ00903,CTR0014,4136388.6,2026-08-13,1
TXN001636,PRJ00904,CTR0074,3745163.21,2026-08-16,1
TXN001637,PRJ00905,CTR0084,845521.52,2025-09-19,1
TXN001638,PRJ00906,CTR0014,709216.52,2026-06-05,1
TXN001639,PRJ00906,CTR0014,730103.3,2026-03-12,2
TXN001640,PRJ00906,CTR0014,828904.98,2026-03-14,3
TXN001641,PRJ00907,CTR0034,585932.03,2026-08-09,1
TXN001642,PRJ00907,CTR0034,665387.67,2026-05-22,2
TXN001643,PRJ00908,CTR0079,816446.99,2025-07-31,1
TXN001644,PRJ00908,CTR0079,840839.15,2024-09-14,2
TXN001645,PRJ00908,CTR0079,930560.48,2025-01-23,3
TXN001646,PRJ00909,CTR0053,133716.83,2025-10-29,1
TXN001647,PRJ00909,CTR0053,138784.91,2025-11-03,2
TXN001648,PRJ00910,CTR0048,222063.58,2026-05-10,1
TXN001649,PRJ00911,CTR0074,446108.09,2025-07-14,1
TXN001650,PRJ00911,CTR0074,494706.57,2024-10-26,2
TXN001651,PRJ00911,CTR0074,505362.97,2024-10-01,3
TXN001652,PRJ00912,CTR0110,33607.97,2026-08-03,1
TXN001653,PRJ00912,CTR0110,33371.13,2026-08-07,2
TXN001654,PRJ00912,CTR0110,34091.38,2026-06-02,3
TXN001655,PRJ00913,CTR0058,315054.61,2026-07-11,1
TXN001656,PRJ00913,CTR0058,338151.88,2026-05-19,2
TXN001657,PRJ00914,CTR0066,184821.5,2026-05-29,1
TXN001658,PRJ00914,CTR0066,185295.08,2026-05-28,2
TXN001659,PRJ00914,CTR0066,198827.37,2026-05-26,3
TXN001660,PRJ00915,CTR0090,180523.45,2024-11-28,1
TXN001661,PRJ00915,CTR0090,187733.86,2024-10-27,2
TXN001662,PRJ00915,CTR0090,222216.74,2025-08-26,3
TXN001663,PRJ00916,CTR0021,381463.51,2025-01-26,1
TXN001664,PRJ00916,CTR0021,416620.53,2025-06-07,2
TXN001665,PRJ00916,CTR0021,452190.55,2024-12-12,3
TXN001666,PRJ00917,CTR0119,1204745.32,2025-08-31,1
TXN001667,PRJ00918,CTR0008,212940.98,2025-06-22,1
TXN001668,PRJ00918,CTR0008,222289.6,2025-07-12,2
TXN001669,PRJ00919,CTR0120,344014.65,2026-03-01,1
TXN001670,PRJ00919,CTR0120,336741.05,2025-05-15,2
TXN001671,PRJ00919,CTR0120,357728.11,2025-09-23,3
TXN001672,PRJ00920,CTR0037,1285627.78,2025-08-21,1
TXN001673,PRJ00920,CTR0037,1404166.52,2025-11-30,2
TXN001674,PRJ00922,CTR0007,1446170.46,2026-07-13,1
TXN001675,PRJ00924,CTR0021,495479.04,2024-12-15,1
TXN001676,PRJ00925,CTR0046,687134.22,2026-08-03,1
TXN001677,PRJ00925,CTR0046,717912.5,2026-05-12,2
TXN001678,PRJ00927,CTR0071,629274.66,2025-11-26,1
TXN001679,PRJ00927,CTR0071,634291.27,2025-12-11,2
TXN001680,PRJ00927,CTR0071,655216.23,2025-11-20,3
TXN001681,PRJ00928,CTR0045,633985.4,2025-12-31,1
TXN001682,PRJ00928,CTR0045,663152.41,2025-11-18,2
TXN001683,PRJ00928,CTR0045,675482.5,2025-10-19,3
TXN001684,PRJ00929,CTR0025,1302116.26,2026-03-05,1
TXN001685,PRJ00930,CTR0034,3504625.5,2026-06-13,1
TXN001686,PRJ00932,CTR0033,1423404.1,2024-11-22,1
TXN001687,PRJ00933,CTR0013,489909.59,2026-08-26,1
TXN001688,PRJ00934,CTR0115,99392.4,2026-01-31,1
TXN001689,PRJ00934,CTR0115,102785.62,2025-06-16,2
TXN001690,PRJ00934,CTR0115,103345.12,2025-12-09,3
TXN001691,PRJ00935,CTR0034,2557429.05,2025-10-19,1
TXN001692,PRJ00936,CTR0103,228521.71,2026-04-28,1
TXN001693,PRJ00936,CTR0103,243772.96,2026-08-27,2
TXN001694,PRJ00937,CTR0002,285050.59,2026-08-13,1
TXN001695,PRJ00937,CTR0002,300936.57,2026-07-06,2
TXN001696,PRJ00938,CTR0012,694607.78,2026-06-23,1
TXN001697,PRJ00938,CTR0012,708229.18,2026-02-16,2
TXN001698,PRJ00939,CTR0071,521439.57,2026-07-28,1
TXN001699,PRJ00939,CTR0071,527408.2,2026-08-05,2
TXN001700,PRJ00939,CTR0071,641980.69,2026-08-04,3
TXN001701,PRJ00940,CTR0028,921308.05,2026-04-20,1
TXN001702,PRJ00940,CTR0028,1013146.17,2026-03-27,2
TXN001703,PRJ00941,CTR0064,205898.73,2025-09-30,1
TXN001704,PRJ00941,CTR0064,243577.76,2025-10-22,2
TXN001705,PRJ00942,CTR0112,96814.55,2026-07-01,1
TXN001706,PRJ00942,CTR0112,101655.21,2026-04-27,2
TXN001707,PRJ00942,CTR0112,111815.62,2026-07-17,3
TXN001708,PRJ00943,CTR0108,732469.62,2026-08-25,1
TXN001709,PRJ00944,CTR0016,3204854.16,2024-12-01,1
TXN001710,PRJ00946,CTR0048,675137.38,2026-03-15,1
TXN001711,PRJ00947,CTR0063,291595.78,2025-04-29,1
TXN001712,PRJ00948,CTR0029,580813.05,2025-09-02,1
TXN001713,PRJ00949,CTR0103,2148715.75,2026-05-28,1
TXN001714,PRJ00949,CTR0103,2326736.44,2026-04-15,2
TXN001715,PRJ00949,CTR0103,2647347.65,2026-07-04,3
TXN001716,PRJ00950,CTR0045,942886.67,2025-09-30,1
TXN001717,PRJ00950,CTR0045,987382.19,2025-07-16,2
TXN001718,PRJ00951,CTR0015,141118.03,2026-01-21,1
TXN001719,PRJ00952,CTR0041,303713.58,2026-08-16,1
TXN001720,PRJ00952,CTR0041,370459.42,2026-06-18,2
TXN001721,PRJ00953,CTR0049,287972.63,2025-07-27,1
TXN001722,PRJ00953,CTR0049,329871.98,2025-04-25,2
TXN001723,PRJ00954,CTR0111,385962.8,2026-06-21,1
TXN001724,PRJ00954,CTR0111,449864.16,2026-07-28,2
TXN001725,PRJ00956,CTR0024,511817.87,2025-12-24,1
TXN001726,PRJ00956,CTR0024,557782.53,2025-09-25,2
TXN001727,PRJ00956,CTR0024,605462.02,2025-06-14,3
TXN001728,PRJ00957,CTR0047,1991146.34,2025-07-22,1
TXN001729,PRJ00958,CTR0074,71842.51,2025-11-21,1
TXN001730,PRJ00958,CTR0074,77774.4,2025-12-13,2
TXN001731,PRJ00958,CTR0074,89159.1,2025-07-24,3
TXN001732,PRJ00960,CTR0056,441489.54,2026-06-21,1
TXN001733,PRJ00960,CTR0056,492583.51,2026-07-19,2
TXN001734,PRJ00961,CTR0061,120148.18,2026-04-15,1
TXN001735,PRJ00962,CTR0018,853107.65,2026-05-19,1
TXN001736,PRJ00963,CTR0093,705243.35,2025-12-16,1
TXN001737,PRJ00963,CTR0093,712330.44,2026-04-16,2
TXN001738,PRJ00963,CTR0093,796446.04,2026-02-17,3
TXN001739,PRJ00964,CTR0072,239488.64,2025-11-26,1
TXN001740,PRJ00964,CTR0072,247067.37,2026-01-28,2
TXN001741,PRJ00964,CTR0072,260268.43,2025-11-22,3
TXN001742,PRJ00965,CTR0089,1391610.45,2026-02-09,1
TXN001743,PRJ00965,CTR0089,1483943.62,2025-08-21,2
TXN001744,PRJ00966,CTR0108,159127.29,2026-08-17,1
TXN001745,PRJ00966,CTR0108,178982.34,2026-08-08,2
TXN001746,PRJ00967,CTR0034,1007083.05,2026-03-26,1
TXN001747,PRJ00967,CTR0034,1213360.78,2025-04-25,2
TXN001748,PRJ00969,CTR0026,626943.49,2026-05-04,1
TXN001749,PRJ00969,CTR0026,659305.99,2026-07-19,2
TXN001750,PRJ00970,CTR0023,2344491.56,2025-08-02,1
TXN001751,PRJ00971,CTR0087,156209.09,2025-04-22,1
TXN001752,PRJ00971,CTR0087,154937.11,2024-12-12,2
TXN001753,PRJ00971,CTR0087,177167.07,2025-06-14,3
TXN001754,PRJ00972,CTR0049,668002.65,2025-04-15,1
TXN001755,PRJ00972,CTR0049,695052.07,2025-12-18,2
TXN001756,PRJ00972,CTR0049,751091.65,2025-12-30,3
TXN001757,PRJ00974,CTR0074,1162207.33,2026-08-12,1
TXN001758,PRJ00975,CTR0044,87943.86,2024-12-18,1
TXN001759,PRJ00976,CTR0091,598734.55,2026-07-15,1
TXN001760,PRJ00976,CTR0091,560550.19,2025-11-25,2
TXN001761,PRJ00976,CTR0091,645387.73,2026-02-24,3
TXN001762,PRJ00977,CTR0096,102319.95,2026-06-23,1
TXN001763,PRJ00977,CTR0096,115338.1,2026-06-25,2
TXN001764,PRJ00978,CTR0024,28779.04,2026-03-05,1
TXN001765,PRJ00978,CTR0024,27210.66,2026-07-08,2
TXN001766,PRJ00978,CTR0024,32561.31,2025-12-23,3
TXN001767,PRJ00979,CTR0085,222845.86,2026-06-08,1
TXN001768,PRJ00979,CTR0085,222873.69,2026-06-06,2
TXN001769,PRJ00979,CTR0085,224742.43,2026-06-19,3
TXN001770,PRJ00980,CTR0027,559265.85,2026-07-16,1
TXN001771,PRJ00980,CTR0027,637981.67,2026-06-06,2
TXN001772,PRJ00980,CTR0027,657373.3,2026-08-18,3
TXN001773,PRJ00981,CTR0120,1202115.89,2026-06-01,1
TXN001774,PRJ00982,CTR0099,3174865.68,2026-05-25,1
TXN001775,PRJ00986,CTR0085,881521.17,2025-06-05,1
TXN001776,PRJ00987,CTR0112,574066.52,2026-05-02,1
TXN001777,PRJ00988,CTR0018,685573.24,2026-03-05,1
TXN001778,PRJ00989,CTR0076,89320.46,2026-06-03,1
TXN001779,PRJ00989,CTR0076,90379.44,2026-06-03,2
TXN001780,PRJ00989,CTR0076,90805.54,2025-08-05,3
TXN001781,PRJ00990,CTR0056,355545.09,2025-10-18,1
TXN001782,PRJ00990,CTR0056,368304.81,2026-06-02,2
TXN001783,PRJ00991,CTR0117,1616040.28,2025-05-24,1
TXN001784,PRJ00992,CTR0057,4449265.37,2025-09-30,1
TXN001785,PRJ00994,CTR0045,80829.81,2025-02-13,1
TXN001786,PRJ00995,CTR0097,135725.26,2024-09-15,1
TXN001787,PRJ00995,CTR0097,148967.76,2025-06-26,2
TXN001788,PRJ00995,CTR0097,152109.46,2024-10-10,3
TXN001789,PRJ00997,CTR0048,593542.06,2026-05-06,1
TXN001790,PRJ00997,CTR0048,577599.54,2026-01-13,2
TXN001791,PRJ00997,CTR0048,650141.38,2026-07-17,3
TXN001792,PRJ00998,CTR0032,353231.73,2026-03-09,1
TXN001793,PRJ00998,CTR0032,355177.5,2025-09-15,2
TXN001794,PRJ00998,CTR0032,384038.84,2026-02-09,3
TXN001795,PRJ00999,CTR0107,757086.44,2026-04-19,1
TXN001796,PRJ00999,CTR0107,889881.41,2026-07-03,2
TXN001797,PRJ01000,CTR0021,976901.83,2026-01-12,1
TXN001798,PRJ01000,CTR0021,994395.88,2025-10-29,2
